date,rank,movieCd,movieNm,openDt,audiCnt,audiAcc,salesAmt,salesAcc,scrnCnt,showCnt
2026-08-01,1,20262770,스파이더맨: 브랜드 뉴 데이,2026-07-29,901577,2561982,9697260810,27082487450,2409,10152
2026-08-01,2,20233219,호프,2026-07-15,136417,3992644,1403288900,43077844680,957,2724
2026-08-01,3,20261784,미니언즈 & 몬스터즈,2026-07-15,22173,690910,211438510,6935325100,715,1091
2026-08-01,4,20259946,모아나,2026-07-08,12729,987184,124129850,10502662130,465,626
2026-08-01,5,20262381,사랑의 하츄핑: 고래보석의 전설,2026-08-05,10683,16191,128012600,181714600,76,91
2026-08-01,6,20259781,토이 스토리 5,2026-06-17,9940,2900658,100129740,29836233200,367,455
2026-08-01,7,20262902,다윗,2026-07-10,8795,253432,85172890,2469146810,253,285
2026-08-01,8,20264148,어떻게 해야 했을까?,2026-07-29,6224,18574,64192100,186868020,67,110
2026-08-01,9,20242402,눈동자,2026-06-24,2646,1535034,28513200,15836610200,160,187
2026-08-01,10,20264665,드림 애니멀즈: 더무비,2026-07-24,1365,40585,12517310,362580450,130,134
2026-08-02,1,20262770,스파이더맨: 브랜드 뉴 데이,2026-07-29,826331,3388313,8780276600,35862764050,2382,9784
2026-08-02,2,20233219,호프,2026-07-15,117895,4110539,1200362570,44278207250,965,2620
2026-08-02,3,20261784,미니언즈 & 몬스터즈,2026-07-15,23030,713940,218408190,7153733290,716,1089
2026-08-02,4,20259946,모아나,2026-07-08,12763,999947,124095400,10626757530,452,580
2026-08-02,5,20259781,토이 스토리 5,2026-06-17,11554,2912212,115375580,29951608780,375,472
2026-08-02,6,20262381,사랑의 하츄핑: 고래보석의 전설,2026-08-05,10305,26496,125351720,307066320,75,85
2026-08-02,7,20262902,다윗,2026-07-10,9917,263349,94622950,2563769760,243,276
2026-08-02,8,20264148,어떻게 해야 했을까?,2026-07-29,5434,24008,56577800,243445820,63,107
2026-08-02,9,20242402,눈동자,2026-06-24,2341,1537375,25049300,15861659500,151,176
2026-08-02,10,20264665,드림 애니멀즈: 더무비,2026-07-24,1411,41996,12786500,375366950,126,130
2026-08-03,1,20262770,스파이더맨: 브랜드 뉴 데이,2026-07-29,401780,3790093,4174462150,40037226200,2178,8774
2026-08-03,2,20233219,호프,2026-07-15,63927,4174466,618271300,44896478550,901,2658
2026-08-03,3,20261784,미니언즈 & 몬스터즈,2026-07-15,12454,726394,113041800,7266775090,672,1050
2026-08-03,4,20259781,토이 스토리 5,2026-06-17,7454,2919666,71227390,30022836170,384,487
2026-08-03,5,20259946,모아나,2026-07-08,6986,1006933,65168340,10691925870,437,580
2026-08-03,6,20264148,어떻게 해야 했을까?,2026-07-29,3147,27155,31604660,275050480,59,103
2026-08-03,7,20262902,다윗,2026-07-10,3085,266434,29609230,2593378990,171,199
2026-08-03,8,20242402,눈동자,2026-06-24,1489,1538864,15303850,15876963350,164,185
2026-08-03,9,20264665,드림 애니멀즈: 더무비,2026-07-24,845,42841,7537100,382904050,112,112
2026-08-03,10,20250654,오디세이,2026-08-05,678,1302,6102000,16710000,2,2
2026-08-04,1,20262770,스파이더맨: 브랜드 뉴 데이,2026-07-29,348285,4138378,3631187270,43668413470,2214,8852
2026-08-04,2,20233219,호프,2026-07-15,61234,4235700,582035140,45478513690,919,2690
2026-08-04,3,20261784,미니언즈 & 몬스터즈,2026-07-15,12337,738731,110412150,7377187240,668,1029
2026-08-04,4,20259781,토이 스토리 5,2026-06-17,7890,2927556,73375740,30096211910,385,488
2026-08-04,5,20259946,모아나,2026-07-08,6860,1013793,63507000,10755432870,444,603
2026-08-04,6,20262902,다윗,2026-07-10,3059,269493,28581200,2621960190,178,204
2026-08-04,7,20264148,어떻게 해야 했을까?,2026-07-29,2991,30146,29506850,304557330,56,104
2026-08-04,8,20242402,눈동자,2026-06-24,1369,1540233,13952100,15890915450,168,189
2026-08-04,9,20250654,오디세이,2026-08-05,1065,2367,12681000,29391000,3,3
2026-08-04,10,20262381,사랑의 하츄핑: 고래보석의 전설,2026-08-05,916,27412,10966800,318033120,3,6
2026-08-05,1,20250654,오디세이,2026-08-05,292705,295072,3136526240,3165917240,1682,5036
2026-08-05,2,20262770,스파이더맨: 브랜드 뉴 데이,2026-07-29,275160,4413538,2725184730,46393598200,1666,5657
2026-08-05,3,20262381,사랑의 하츄핑: 고래보석의 전설,2026-08-05,73165,100577,659585480,977618600,824,1751
2026-08-05,4,20233219,호프,2026-07-15,30063,4265763,290892170,45769405860,690,1164
2026-08-05,5,20261784,미니언즈 & 몬스터즈,2026-07-15,5297,744028,45915250,7423102490,302,340
2026-08-05,6,20264148,어떻게 해야 했을까?,2026-07-29,4132,34278,39024770,343582100,74,140
2026-08-05,7,20259781,토이 스토리 5,2026-06-17,2768,2930324,25988750,30122200660,150,162
2026-08-05,8,20259946,모아나,2026-07-08,2325,1016118,19959260,10775392130,119,127
2026-08-05,9,20262902,다윗,2026-07-10,1390,270883,12720600,2634680790,70,74
2026-08-05,10,20262945,퍼피 구조대: 더 다이노 무비,2026-08-13,746,746,6714000,6714000,3,3
2026-08-06,1,20250654,오디세이,2026-08-05,246219,541291,2672164870,5838082110,1660,4912
2026-08-06,2,20262770,스파이더맨: 브랜드 뉴 데이,2026-07-29,238066,4651604,2367884110,48761482310,1694,5675
2026-08-06,3,20262381,사랑의 하츄핑: 고래보석의 전설,2026-08-05,43768,144345,386345380,1363963980,801,1698
2026-08-06,4,20233219,호프,2026-07-15,27200,4292963,261929550,46031335410,688,1163
2026-08-06,5,20261784,미니언즈 & 몬스터즈,2026-07-15,4646,748674,38688200,7461790690,284,313
2026-08-06,6,20255484,오케이 마담2,2026-08-12,4467,7874,40203000,71416000,25,25
2026-08-06,7,20264148,어떻게 해야 했을까?,2026-07-29,3420,37698,33483050,377065150,78,143
2026-08-06,8,20259781,토이 스토리 5,2026-06-17,2665,2932989,24128200,30146328860,148,154
2026-08-06,9,20262902,다윗,2026-07-10,1607,272490,14737500,2649418290,77,81
2026-08-06,10,20259946,모아나,2026-07-08,1536,1017654,13807550,10789199680,106,113
2026-08-07,1,20250654,오디세이,2026-08-05,310283,851574,3490617570,9328699680,1633,5012
2026-08-07,2,20262770,스파이더맨: 브랜드 뉴 데이,2026-07-29,286706,4938310,2995123340,51756605650,1751,6084
2026-08-07,3,20262381,사랑의 하츄핑: 고래보석의 전설,2026-08-05,41708,186053,384140750,1748104730,822,1798
2026-08-07,4,20233219,호프,2026-07-15,30831,4323794,323269460,46354604870,658,1135
2026-08-07,5,20261784,미니언즈 & 몬스터즈,2026-07-15,4525,753199,40089750,7501880440,260,281
2026-08-07,6,20264148,어떻게 해야 했을까?,2026-07-29,3505,41203,36250000,413315150,81,145
2026-08-07,7,20262902,다윗,2026-07-10,2671,275161,25396950,2674815240,75,79
2026-08-07,8,20259781,토이 스토리 5,2026-06-17,2415,2935404,23252890,30169581750,141,149
2026-08-07,9,20259946,모아나,2026-07-08,1570,1019224,15306450,10804506130,91,97
2026-08-07,10,20265254,투모로우바이투게더 브이알 콘서트 : 엔드리스 라이드,2026-07-31,454,5528,16091000,195756000,2,16
2026-08-08,1,20250654,오디세이,2026-08-05,525638,1377212,5748471340,15077171020,1745,5187
2026-08-08,2,20262770,스파이더맨: 브랜드 뉴 데이,2026-07-29,514125,5452435,5341934920,57098540570,1802,6440
2026-08-08,3,20262381,사랑의 하츄핑: 고래보석의 전설,2026-08-05,124186,310239,1182377140,2930481870,958,2216
2026-08-08,4,20233219,호프,2026-07-15,37846,4361640,399903800,46754508670,553,868
2026-08-08,5,20262902,다윗,2026-07-10,5847,281008,54209890,2729025130,125,134
2026-08-08,6,20261784,미니언즈 & 몬스터즈,2026-07-15,5077,758276,45893200,7547773640,227,240
2026-08-08,7,20264148,어떻게 해야 했을까?,2026-07-29,4547,45750,46435150,459750300,76,140
2026-08-08,8,20264635,명탐정 코난: 하이웨이의 타천사,2026-08-12,4355,4355,55751450,55751450,36,37
2026-08-08,9,20259781,토이 스토리 5,2026-06-17,2067,2937471,20228640,30189810390,109,112
2026-08-08,10,20255484,오케이 마담2,2026-08-12,1527,9401,18623700,90039700,12,16
2026-08-09,1,20250654,오디세이,2026-08-05,497543,1874755,5421019260,20498190280,1798,5118
2026-08-09,2,20262770,스파이더맨: 브랜드 뉴 데이,2026-07-29,463906,5916341,4782341970,61880882540,1763,6052
2026-08-09,3,20262381,사랑의 하츄핑: 고래보석의 전설,2026-08-05,123565,433804,1172012190,4102494060,941,2164
2026-08-09,4,20233219,호프,2026-07-15,32223,4393863,336395020,47090903690,548,832
2026-08-09,5,20262902,다윗,2026-07-10,8342,289350,78274050,2807299180,145,154
2026-08-09,6,20261784,미니언즈 & 몬스터즈,2026-07-15,5014,763290,45056680,7592830320,227,243
2026-08-09,7,20264635,명탐정 코난: 하이웨이의 타천사,2026-08-12,4473,8828,57231270,112982720,37,38
2026-08-09,8,20264148,어떻게 해야 했을까?,2026-07-29,3978,49728,40423200,500173500,79,137
2026-08-09,9,20255484,오케이 마담2,2026-08-12,2382,11783,25903900,115943600,12,14
2026-08-09,10,20259781,토이 스토리 5,2026-06-17,1907,2939378,18777850,30208588240,99,102
2026-08-10,1,20250654,오디세이,2026-08-05,257610,2132365,2827940070,23326130350,1647,4991
2026-08-10,2,20262770,스파이더맨: 브랜드 뉴 데이,2026-07-29,174609,6090950,1773484300,63654366840,1590,5518
2026-08-10,3,20262381,사랑의 하츄핑: 고래보석의 전설,2026-08-05,19410,453214,174337210,4276831270,726,1509
2026-08-10,4,20233219,호프,2026-07-15,14523,4408386,146372870,47237276560,562,949
2026-08-10,5,20264148,어떻게 해야 했을까?,2026-07-29,2317,52045,22904150,523077650,70,132
2026-08-10,6,20261784,미니언즈 & 몬스터즈,2026-07-15,2193,765483,19237500,7612067820,208,217
2026-08-10,7,20259781,토이 스토리 5,2026-06-17,1112,2940490,10804150,30219392390,109,112
2026-08-10,8,20262902,다윗,2026-07-10,958,290308,9168150,2816467330,65,69
2026-08-10,9,20259946,모아나,2026-07-08,826,1021755,7290500,10828476430,67,70
2026-08-10,10,20263530,마티 슈프림,2026-07-01,290,131844,2896500,1426494680,18,18
2026-08-11,1,20250654,오디세이,2026-08-05,236216,2368581,2613301770,25939432120,1697,5075
2026-08-11,2,20262770,스파이더맨: 브랜드 뉴 데이,2026-07-29,151901,6242851,1538527900,65192894740,1618,5552
2026-08-11,3,20262381,사랑의 하츄핑: 고래보석의 전설,2026-08-05,19207,472421,169298340,4446129610,755,1509
2026-08-11,4,20233219,호프,2026-07-15,14078,4422464,142342040,47379618600,580,977
2026-08-11,5,20264148,어떻게 해야 했을까?,2026-07-29,2696,54741,26766300,549843950,70,127
2026-08-11,6,20261784,미니언즈 & 몬스터즈,2026-07-15,2689,768172,23066750,7635134570,222,233
2026-08-11,7,20259781,토이 스토리 5,2026-06-17,1862,2942352,17324500,30236716890,121,127
2026-08-11,8,20264879,청년 조용기,2026-09-11,1193,2055,11560000,20036000,6,10
2026-08-11,9,20259946,모아나,2026-07-08,1172,1022927,10258450,10838734880,64,67
2026-08-11,10,20262902,다윗,2026-07-10,964,291272,8774150,2825241480,64,67
2026-08-12,1,20250654,오디세이,2026-08-05,247314,2615895,2637448190,28576880310,1727,4730
2026-08-12,2,20262770,스파이더맨: 브랜드 뉴 데이,2026-07-29,147198,6390049,1387059150,66579953890,1443,4208
2026-08-12,3,20264635,명탐정 코난: 하이웨이의 타천사,2026-08-12,67964,76792,635246320,748229040,809,1794
2026-08-12,4,20255484,오케이 마담2,2026-08-12,42923,54929,362650260,480600860,925,2514
2026-08-12,5,20262381,사랑의 하츄핑: 고래보석의 전설,2026-08-05,14977,487398,132244160,4578373770,564,793
2026-08-12,6,20233219,호프,2026-07-15,7631,4430095,75037550,47454656150,307,406
2026-08-12,7,20264148,어떻게 해야 했을까?,2026-07-29,2734,57475,23871450,573715400,51,93
2026-08-12,8,20261784,미니언즈 & 몬스터즈,2026-07-15,1232,769404,10252400,7645386970,48,50
2026-08-12,9,20185485,보헤미안 랩소디,2018-10-31,1230,9949616,12068450,86293044235,54,171
2026-08-12,10,19940067,애정만세,1995-06-17,1201,3211,10385850,28904450,48,52
2026-08-13,1,20250654,오디세이,2026-08-05,234825,2850720,2619186760,31196067070,1726,4879
2026-08-13,2,20262770,스파이더맨: 브랜드 뉴 데이,2026-07-29,121466,6511515,1228315890,67808269780,1369,4118
2026-08-13,3,20264635,명탐정 코난: 하이웨이의 타천사,2026-08-12,32715,109507,317151170,1065380210,717,1541
2026-08-13,4,20255484,오케이 마담2,2026-08-12,28054,82983,246023500,726624360,857,2345
2026-08-13,5,20262381,사랑의 하츄핑: 고래보석의 전설,2026-08-05,12203,499601,106874540,4685248310,545,754
2026-08-13,6,20233219,호프,2026-07-15,6750,4436845,69280720,47523936870,317,418
2026-08-13,7,20262945,퍼피 구조대: 더 다이노 무비,2026-08-13,4240,7986,39257900,82410900,289,314
2026-08-13,8,20247458,경주기행,2026-08-26,3112,3112,28264000,28264000,13,14
2026-08-13,9,20264148,어떻게 해야 했을까?,2026-07-29,2338,59813,22455950,596171350,53,94
2026-08-13,10,20264879,청년 조용기,2026-09-11,1403,4091,13881000,40033000,5,13
2026-08-14,1,20250654,오디세이,2026-08-05,329036,3179756,3773778580,34969845650,1876,5485
2026-08-14,2,20262770,스파이더맨: 브랜드 뉴 데이,2026-07-29,154942,6666457,1649216980,69457486760,1380,4175
2026-08-14,3,20264635,명탐정 코난: 하이웨이의 타천사,2026-08-12,28803,138310,296077500,1361457710,752,1498
2026-08-14,4,20255484,오케이 마담2,2026-08-12,26241,109224,246882300,973506660,844,2160
2026-08-14,5,20262381,사랑의 하츄핑: 고래보석의 전설,2026-08-05,14427,514028,134219450,4819467760,582,790
2026-08-14,6,20233219,호프,2026-07-15,9171,4446016,96355870,47620292740,324,480
2026-08-14,7,20262945,퍼피 구조대: 더 다이노 무비,2026-08-13,3507,11493,32858950,115269850,274,296
2026-08-14,8,20264148,어떻게 해야 했을까?,2026-07-29,2465,62278,25341900,621513250,56,104
2026-08-14,9,20185485,보헤미안 랩소디,2018-10-31,2111,9952635,23478750,86325852635,60,166
2026-08-14,10,20261784,미니언즈 & 몬스터즈,2026-07-15,1460,771939,11059550,7664511470,39,39
