district,age_group,one_person_households,reference_year,source_table_id,source_name
종로구,합계,30684,2025,DT_1PL1502,KOSIS 성 및 연령별 1인가구-시군구
종로구,20세미만,500,2025,DT_1PL1502,KOSIS 성 및 연령별 1인가구-시군구
종로구,20~24세,3101,2025,DT_1PL1502,KOSIS 성 및 연령별 1인가구-시군구
종로구,25~29세,5043,2025,DT_1PL1502,KOSIS 성 및 연령별 1인가구-시군구
종로구,30~34세,4102,2025,DT_1PL1502,KOSIS 성 및 연령별 1인가구-시군구
종로구,35~39세,2326,2025,DT_1PL1502,KOSIS 성 및 연령별 1인가구-시군구
종로구,40~44세,1887,2025,DT_1PL1502,KOSIS 성 및 연령별 1인가구-시군구
종로구,45~49세,1542,2025,DT_1PL1502,KOSIS 성 및 연령별 1인가구-시군구
종로구,50~54세,1798,2025,DT_1PL1502,KOSIS 성 및 연령별 1인가구-시군구
종로구,55~59세,1851,2025,DT_1PL1502,KOSIS 성 및 연령별 1인가구-시군구
종로구,60~64세,1974,2025,DT_1PL1502,KOSIS 성 및 연령별 1인가구-시군구
종로구,65~69세,1980,2025,DT_1PL1502,KOSIS 성 및 연령별 1인가구-시군구
종로구,70~74세,1441,2025,DT_1PL1502,KOSIS 성 및 연령별 1인가구-시군구
종로구,75~79세,1208,2025,DT_1PL1502,KOSIS 성 및 연령별 1인가구-시군구
종로구,80~84세,1046,2025,DT_1PL1502,KOSIS 성 및 연령별 1인가구-시군구
종로구,85세이상,885,2025,DT_1PL1502,KOSIS 성 및 연령별 1인가구-시군구
중구,합계,29148,2025,DT_1PL1502,KOSIS 성 및 연령별 1인가구-시군구
중구,20세미만,445,2025,DT_1PL1502,KOSIS 성 및 연령별 1인가구-시군구
중구,20~24세,2338,2025,DT_1PL1502,KOSIS 성 및 연령별 1인가구-시군구
중구,25~29세,4210,2025,DT_1PL1502,KOSIS 성 및 연령별 1인가구-시군구
중구,30~34세,4362,2025,DT_1PL1502,KOSIS 성 및 연령별 1인가구-시군구
중구,35~39세,2620,2025,DT_1PL1502,KOSIS 성 및 연령별 1인가구-시군구
중구,40~44세,2083,2025,DT_1PL1502,KOSIS 성 및 연령별 1인가구-시군구
중구,45~49세,1558,2025,DT_1PL1502,KOSIS 성 및 연령별 1인가구-시군구
중구,50~54세,1668,2025,DT_1PL1502,KOSIS 성 및 연령별 1인가구-시군구
중구,55~59세,1710,2025,DT_1PL1502,KOSIS 성 및 연령별 1인가구-시군구
중구,60~64세,1709,2025,DT_1PL1502,KOSIS 성 및 연령별 1인가구-시군구
중구,65~69세,1954,2025,DT_1PL1502,KOSIS 성 및 연령별 1인가구-시군구
중구,70~74세,1564,2025,DT_1PL1502,KOSIS 성 및 연령별 1인가구-시군구
중구,75~79세,1177,2025,DT_1PL1502,KOSIS 성 및 연령별 1인가구-시군구
중구,80~84세,958,2025,DT_1PL1502,KOSIS 성 및 연령별 1인가구-시군구
중구,85세이상,792,2025,DT_1PL1502,KOSIS 성 및 연령별 1인가구-시군구
용산구,합계,40988,2025,DT_1PL1502,KOSIS 성 및 연령별 1인가구-시군구
용산구,20세미만,198,2025,DT_1PL1502,KOSIS 성 및 연령별 1인가구-시군구
용산구,20~24세,2324,2025,DT_1PL1502,KOSIS 성 및 연령별 1인가구-시군구
용산구,25~29세,5757,2025,DT_1PL1502,KOSIS 성 및 연령별 1인가구-시군구
용산구,30~34세,7637,2025,DT_1PL1502,KOSIS 성 및 연령별 1인가구-시군구
용산구,35~39세,4687,2025,DT_1PL1502,KOSIS 성 및 연령별 1인가구-시군구
용산구,40~44세,3246,2025,DT_1PL1502,KOSIS 성 및 연령별 1인가구-시군구
용산구,45~49세,2461,2025,DT_1PL1502,KOSIS 성 및 연령별 1인가구-시군구
용산구,50~54세,2495,2025,DT_1PL1502,KOSIS 성 및 연령별 1인가구-시군구
용산구,55~59세,2245,2025,DT_1PL1502,KOSIS 성 및 연령별 1인가구-시군구
용산구,60~64세,2181,2025,DT_1PL1502,KOSIS 성 및 연령별 1인가구-시군구
용산구,65~69세,2247,2025,DT_1PL1502,KOSIS 성 및 연령별 1인가구-시군구
용산구,70~74세,1726,2025,DT_1PL1502,KOSIS 성 및 연령별 1인가구-시군구
용산구,75~79세,1405,2025,DT_1PL1502,KOSIS 성 및 연령별 1인가구-시군구
용산구,80~84세,1213,2025,DT_1PL1502,KOSIS 성 및 연령별 1인가구-시군구
용산구,85세이상,1166,2025,DT_1PL1502,KOSIS 성 및 연령별 1인가구-시군구
성동구,합계,48664,2025,DT_1PL1502,KOSIS 성 및 연령별 1인가구-시군구
성동구,20세미만,443,2025,DT_1PL1502,KOSIS 성 및 연령별 1인가구-시군구
성동구,20~24세,4736,2025,DT_1PL1502,KOSIS 성 및 연령별 1인가구-시군구
성동구,25~29세,8116,2025,DT_1PL1502,KOSIS 성 및 연령별 1인가구-시군구
성동구,30~34세,7006,2025,DT_1PL1502,KOSIS 성 및 연령별 1인가구-시군구
성동구,35~39세,4131,2025,DT_1PL1502,KOSIS 성 및 연령별 1인가구-시군구
성동구,40~44세,3114,2025,DT_1PL1502,KOSIS 성 및 연령별 1인가구-시군구
성동구,45~49세,2547,2025,DT_1PL1502,KOSIS 성 및 연령별 1인가구-시군구
성동구,50~54세,2707,2025,DT_1PL1502,KOSIS 성 및 연령별 1인가구-시군구
성동구,55~59세,2788,2025,DT_1PL1502,KOSIS 성 및 연령별 1인가구-시군구
성동구,60~64세,2954,2025,DT_1PL1502,KOSIS 성 및 연령별 1인가구-시군구
성동구,65~69세,3155,2025,DT_1PL1502,KOSIS 성 및 연령별 1인가구-시군구
성동구,70~74세,2301,2025,DT_1PL1502,KOSIS 성 및 연령별 1인가구-시군구
성동구,75~79세,1895,2025,DT_1PL1502,KOSIS 성 및 연령별 1인가구-시군구
성동구,80~84세,1529,2025,DT_1PL1502,KOSIS 성 및 연령별 1인가구-시군구
성동구,85세이상,1242,2025,DT_1PL1502,KOSIS 성 및 연령별 1인가구-시군구
광진구,합계,75319,2025,DT_1PL1502,KOSIS 성 및 연령별 1인가구-시군구
광진구,20세미만,704,2025,DT_1PL1502,KOSIS 성 및 연령별 1인가구-시군구
광진구,20~24세,7587,2025,DT_1PL1502,KOSIS 성 및 연령별 1인가구-시군구
광진구,25~29세,15382,2025,DT_1PL1502,KOSIS 성 및 연령별 1인가구-시군구
광진구,30~34세,12916,2025,DT_1PL1502,KOSIS 성 및 연령별 1인가구-시군구
광진구,35~39세,6880,2025,DT_1PL1502,KOSIS 성 및 연령별 1인가구-시군구
광진구,40~44세,4703,2025,DT_1PL1502,KOSIS 성 및 연령별 1인가구-시군구
광진구,45~49세,3577,2025,DT_1PL1502,KOSIS 성 및 연령별 1인가구-시군구
광진구,50~54세,3677,2025,DT_1PL1502,KOSIS 성 및 연령별 1인가구-시군구
광진구,55~59세,3753,2025,DT_1PL1502,KOSIS 성 및 연령별 1인가구-시군구
광진구,60~64세,3997,2025,DT_1PL1502,KOSIS 성 및 연령별 1인가구-시군구
광진구,65~69세,4049,2025,DT_1PL1502,KOSIS 성 및 연령별 1인가구-시군구
광진구,70~74세,2875,2025,DT_1PL1502,KOSIS 성 및 연령별 1인가구-시군구
광진구,75~79세,2204,2025,DT_1PL1502,KOSIS 성 및 연령별 1인가구-시군구
광진구,80~84세,1671,2025,DT_1PL1502,KOSIS 성 및 연령별 1인가구-시군구
광진구,85세이상,1344,2025,DT_1PL1502,KOSIS 성 및 연령별 1인가구-시군구
동대문구,합계,73639,2025,DT_1PL1502,KOSIS 성 및 연령별 1인가구-시군구
동대문구,20세미만,1243,2025,DT_1PL1502,KOSIS 성 및 연령별 1인가구-시군구
동대문구,20~24세,11457,2025,DT_1PL1502,KOSIS 성 및 연령별 1인가구-시군구
동대문구,25~29세,13519,2025,DT_1PL1502,KOSIS 성 및 연령별 1인가구-시군구
동대문구,30~34세,8975,2025,DT_1PL1502,KOSIS 성 및 연령별 1인가구-시군구
동대문구,35~39세,4840,2025,DT_1PL1502,KOSIS 성 및 연령별 1인가구-시군구
동대문구,40~44세,3710,2025,DT_1PL1502,KOSIS 성 및 연령별 1인가구-시군구
동대문구,45~49세,3180,2025,DT_1PL1502,KOSIS 성 및 연령별 1인가구-시군구
동대문구,50~54세,3466,2025,DT_1PL1502,KOSIS 성 및 연령별 1인가구-시군구
동대문구,55~59세,3707,2025,DT_1PL1502,KOSIS 성 및 연령별 1인가구-시군구
동대문구,60~64세,4191,2025,DT_1PL1502,KOSIS 성 및 연령별 1인가구-시군구
동대문구,65~69세,4589,2025,DT_1PL1502,KOSIS 성 및 연령별 1인가구-시군구
동대문구,70~74세,3652,2025,DT_1PL1502,KOSIS 성 및 연령별 1인가구-시군구
동대문구,75~79세,2959,2025,DT_1PL1502,KOSIS 성 및 연령별 1인가구-시군구
동대문구,80~84세,2344,2025,DT_1PL1502,KOSIS 성 및 연령별 1인가구-시군구
동대문구,85세이상,1807,2025,DT_1PL1502,KOSIS 성 및 연령별 1인가구-시군구
중랑구,합계,71249,2025,DT_1PL1502,KOSIS 성 및 연령별 1인가구-시군구
중랑구,20세미만,188,2025,DT_1PL1502,KOSIS 성 및 연령별 1인가구-시군구
중랑구,20~24세,2751,2025,DT_1PL1502,KOSIS 성 및 연령별 1인가구-시군구
중랑구,25~29세,8091,2025,DT_1PL1502,KOSIS 성 및 연령별 1인가구-시군구
중랑구,30~34세,8818,2025,DT_1PL1502,KOSIS 성 및 연령별 1인가구-시군구
중랑구,35~39세,5298,2025,DT_1PL1502,KOSIS 성 및 연령별 1인가구-시군구
중랑구,40~44세,4372,2025,DT_1PL1502,KOSIS 성 및 연령별 1인가구-시군구
중랑구,45~49세,3899,2025,DT_1PL1502,KOSIS 성 및 연령별 1인가구-시군구
중랑구,50~54세,4765,2025,DT_1PL1502,KOSIS 성 및 연령별 1인가구-시군구
중랑구,55~59세,5732,2025,DT_1PL1502,KOSIS 성 및 연령별 1인가구-시군구
중랑구,60~64세,6789,2025,DT_1PL1502,KOSIS 성 및 연령별 1인가구-시군구
중랑구,65~69세,7102,2025,DT_1PL1502,KOSIS 성 및 연령별 1인가구-시군구
중랑구,70~74세,5075,2025,DT_1PL1502,KOSIS 성 및 연령별 1인가구-시군구
중랑구,75~79세,3728,2025,DT_1PL1502,KOSIS 성 및 연령별 1인가구-시군구
중랑구,80~84세,2729,2025,DT_1PL1502,KOSIS 성 및 연령별 1인가구-시군구
중랑구,85세이상,1912,2025,DT_1PL1502,KOSIS 성 및 연령별 1인가구-시군구
성북구,합계,71799,2025,DT_1PL1502,KOSIS 성 및 연령별 1인가구-시군구
성북구,20세미만,1470,2025,DT_1PL1502,KOSIS 성 및 연령별 1인가구-시군구
성북구,20~24세,11805,2025,DT_1PL1502,KOSIS 성 및 연령별 1인가구-시군구
성북구,25~29세,11005,2025,DT_1PL1502,KOSIS 성 및 연령별 1인가구-시군구
성북구,30~34세,7241,2025,DT_1PL1502,KOSIS 성 및 연령별 1인가구-시군구
성북구,35~39세,4463,2025,DT_1PL1502,KOSIS 성 및 연령별 1인가구-시군구
성북구,40~44세,3666,2025,DT_1PL1502,KOSIS 성 및 연령별 1인가구-시군구
성북구,45~49세,3177,2025,DT_1PL1502,KOSIS 성 및 연령별 1인가구-시군구
성북구,50~54세,3756,2025,DT_1PL1502,KOSIS 성 및 연령별 1인가구-시군구
성북구,55~59세,3923,2025,DT_1PL1502,KOSIS 성 및 연령별 1인가구-시군구
성북구,60~64세,4331,2025,DT_1PL1502,KOSIS 성 및 연령별 1인가구-시군구
성북구,65~69세,4851,2025,DT_1PL1502,KOSIS 성 및 연령별 1인가구-시군구
성북구,70~74세,3775,2025,DT_1PL1502,KOSIS 성 및 연령별 1인가구-시군구
성북구,75~79세,3336,2025,DT_1PL1502,KOSIS 성 및 연령별 1인가구-시군구
성북구,80~84세,2746,2025,DT_1PL1502,KOSIS 성 및 연령별 1인가구-시군구
성북구,85세이상,2254,2025,DT_1PL1502,KOSIS 성 및 연령별 1인가구-시군구
강북구,합계,54655,2025,DT_1PL1502,KOSIS 성 및 연령별 1인가구-시군구
강북구,20세미만,383,2025,DT_1PL1502,KOSIS 성 및 연령별 1인가구-시군구
강북구,20~24세,3640,2025,DT_1PL1502,KOSIS 성 및 연령별 1인가구-시군구
강북구,25~29세,5442,2025,DT_1PL1502,KOSIS 성 및 연령별 1인가구-시군구
강북구,30~34세,4812,2025,DT_1PL1502,KOSIS 성 및 연령별 1인가구-시군구
강북구,35~39세,3119,2025,DT_1PL1502,KOSIS 성 및 연령별 1인가구-시군구
강북구,40~44세,2960,2025,DT_1PL1502,KOSIS 성 및 연령별 1인가구-시군구
강북구,45~49세,2925,2025,DT_1PL1502,KOSIS 성 및 연령별 1인가구-시군구
강북구,50~54세,3806,2025,DT_1PL1502,KOSIS 성 및 연령별 1인가구-시군구
강북구,55~59세,4255,2025,DT_1PL1502,KOSIS 성 및 연령별 1인가구-시군구
강북구,60~64세,4895,2025,DT_1PL1502,KOSIS 성 및 연령별 1인가구-시군구
강북구,65~69세,5491,2025,DT_1PL1502,KOSIS 성 및 연령별 1인가구-시군구
강북구,70~74세,4363,2025,DT_1PL1502,KOSIS 성 및 연령별 1인가구-시군구
강북구,75~79세,3639,2025,DT_1PL1502,KOSIS 성 및 연령별 1인가구-시군구
강북구,80~84세,2936,2025,DT_1PL1502,KOSIS 성 및 연령별 1인가구-시군구
강북구,85세이상,1989,2025,DT_1PL1502,KOSIS 성 및 연령별 1인가구-시군구
도봉구,합계,44448,2025,DT_1PL1502,KOSIS 성 및 연령별 1인가구-시군구
도봉구,20세미만,176,2025,DT_1PL1502,KOSIS 성 및 연령별 1인가구-시군구
도봉구,20~24세,1594,2025,DT_1PL1502,KOSIS 성 및 연령별 1인가구-시군구
도봉구,25~29세,3347,2025,DT_1PL1502,KOSIS 성 및 연령별 1인가구-시군구
도봉구,30~34세,3993,2025,DT_1PL1502,KOSIS 성 및 연령별 1인가구-시군구
도봉구,35~39세,2786,2025,DT_1PL1502,KOSIS 성 및 연령별 1인가구-시군구
도봉구,40~44세,2562,2025,DT_1PL1502,KOSIS 성 및 연령별 1인가구-시군구
도봉구,45~49세,2533,2025,DT_1PL1502,KOSIS 성 및 연령별 1인가구-시군구
도봉구,50~54세,3207,2025,DT_1PL1502,KOSIS 성 및 연령별 1인가구-시군구
도봉구,55~59세,3604,2025,DT_1PL1502,KOSIS 성 및 연령별 1인가구-시군구
도봉구,60~64세,4255,2025,DT_1PL1502,KOSIS 성 및 연령별 1인가구-시군구
도봉구,65~69세,4932,2025,DT_1PL1502,KOSIS 성 및 연령별 1인가구-시군구
도봉구,70~74세,3773,2025,DT_1PL1502,KOSIS 성 및 연령별 1인가구-시군구
도봉구,75~79세,3059,2025,DT_1PL1502,KOSIS 성 및 연령별 1인가구-시군구
도봉구,80~84세,2517,2025,DT_1PL1502,KOSIS 성 및 연령별 1인가구-시군구
도봉구,85세이상,2110,2025,DT_1PL1502,KOSIS 성 및 연령별 1인가구-시군구
노원구,합계,68464,2025,DT_1PL1502,KOSIS 성 및 연령별 1인가구-시군구
노원구,20세미만,750,2025,DT_1PL1502,KOSIS 성 및 연령별 1인가구-시군구
노원구,20~24세,5978,2025,DT_1PL1502,KOSIS 성 및 연령별 1인가구-시군구
노원구,25~29세,5713,2025,DT_1PL1502,KOSIS 성 및 연령별 1인가구-시군구
노원구,30~34세,5387,2025,DT_1PL1502,KOSIS 성 및 연령별 1인가구-시군구
노원구,35~39세,3994,2025,DT_1PL1502,KOSIS 성 및 연령별 1인가구-시군구
노원구,40~44세,3609,2025,DT_1PL1502,KOSIS 성 및 연령별 1인가구-시군구
노원구,45~49세,3443,2025,DT_1PL1502,KOSIS 성 및 연령별 1인가구-시군구
노원구,50~54세,4303,2025,DT_1PL1502,KOSIS 성 및 연령별 1인가구-시군구
노원구,55~59세,4687,2025,DT_1PL1502,KOSIS 성 및 연령별 1인가구-시군구
노원구,60~64세,5445,2025,DT_1PL1502,KOSIS 성 및 연령별 1인가구-시군구
노원구,65~69세,6864,2025,DT_1PL1502,KOSIS 성 및 연령별 1인가구-시군구
노원구,70~74세,5807,2025,DT_1PL1502,KOSIS 성 및 연령별 1인가구-시군구
노원구,75~79세,5075,2025,DT_1PL1502,KOSIS 성 및 연령별 1인가구-시군구
노원구,80~84세,4084,2025,DT_1PL1502,KOSIS 성 및 연령별 1인가구-시군구
노원구,85세이상,3325,2025,DT_1PL1502,KOSIS 성 및 연령별 1인가구-시군구
은평구,합계,71796,2025,DT_1PL1502,KOSIS 성 및 연령별 1인가구-시군구
은평구,20세미만,174,2025,DT_1PL1502,KOSIS 성 및 연령별 1인가구-시군구
은평구,20~24세,2822,2025,DT_1PL1502,KOSIS 성 및 연령별 1인가구-시군구
은평구,25~29세,9407,2025,DT_1PL1502,KOSIS 성 및 연령별 1인가구-시군구
은평구,30~34세,9523,2025,DT_1PL1502,KOSIS 성 및 연령별 1인가구-시군구
은평구,35~39세,5664,2025,DT_1PL1502,KOSIS 성 및 연령별 1인가구-시군구
은평구,40~44세,4612,2025,DT_1PL1502,KOSIS 성 및 연령별 1인가구-시군구
은평구,45~49세,4017,2025,DT_1PL1502,KOSIS 성 및 연령별 1인가구-시군구
은평구,50~54세,4733,2025,DT_1PL1502,KOSIS 성 및 연령별 1인가구-시군구
은평구,55~59세,4677,2025,DT_1PL1502,KOSIS 성 및 연령별 1인가구-시군구
은평구,60~64세,5364,2025,DT_1PL1502,KOSIS 성 및 연령별 1인가구-시군구
은평구,65~69세,6201,2025,DT_1PL1502,KOSIS 성 및 연령별 1인가구-시군구
은평구,70~74세,4790,2025,DT_1PL1502,KOSIS 성 및 연령별 1인가구-시군구
은평구,75~79세,4138,2025,DT_1PL1502,KOSIS 성 및 연령별 1인가구-시군구
은평구,80~84세,3241,2025,DT_1PL1502,KOSIS 성 및 연령별 1인가구-시군구
은평구,85세이상,2433,2025,DT_1PL1502,KOSIS 성 및 연령별 1인가구-시군구
서대문구,합계,57273,2025,DT_1PL1502,KOSIS 성 및 연령별 1인가구-시군구
서대문구,20세미만,646,2025,DT_1PL1502,KOSIS 성 및 연령별 1인가구-시군구
서대문구,20~24세,8583,2025,DT_1PL1502,KOSIS 성 및 연령별 1인가구-시군구
서대문구,25~29세,10085,2025,DT_1PL1502,KOSIS 성 및 연령별 1인가구-시군구
서대문구,30~34세,7128,2025,DT_1PL1502,KOSIS 성 및 연령별 1인가구-시군구
서대문구,35~39세,4161,2025,DT_1PL1502,KOSIS 성 및 연령별 1인가구-시군구
서대문구,40~44세,3161,2025,DT_1PL1502,KOSIS 성 및 연령별 1인가구-시군구
서대문구,45~49세,2617,2025,DT_1PL1502,KOSIS 성 및 연령별 1인가구-시군구
서대문구,50~54세,2854,2025,DT_1PL1502,KOSIS 성 및 연령별 1인가구-시군구
서대문구,55~59세,2817,2025,DT_1PL1502,KOSIS 성 및 연령별 1인가구-시군구
서대문구,60~64세,3028,2025,DT_1PL1502,KOSIS 성 및 연령별 1인가구-시군구
서대문구,65~69세,3322,2025,DT_1PL1502,KOSIS 성 및 연령별 1인가구-시군구
서대문구,70~74세,2638,2025,DT_1PL1502,KOSIS 성 및 연령별 1인가구-시군구
서대문구,75~79세,2429,2025,DT_1PL1502,KOSIS 성 및 연령별 1인가구-시군구
서대문구,80~84세,2025,2025,DT_1PL1502,KOSIS 성 및 연령별 1인가구-시군구
서대문구,85세이상,1779,2025,DT_1PL1502,KOSIS 성 및 연령별 1인가구-시군구
마포구,합계,73242,2025,DT_1PL1502,KOSIS 성 및 연령별 1인가구-시군구
마포구,20세미만,550,2025,DT_1PL1502,KOSIS 성 및 연령별 1인가구-시군구
마포구,20~24세,6708,2025,DT_1PL1502,KOSIS 성 및 연령별 1인가구-시군구
마포구,25~29세,14308,2025,DT_1PL1502,KOSIS 성 및 연령별 1인가구-시군구
마포구,30~34세,13222,2025,DT_1PL1502,KOSIS 성 및 연령별 1인가구-시군구
마포구,35~39세,7597,2025,DT_1PL1502,KOSIS 성 및 연령별 1인가구-시군구
마포구,40~44세,5351,2025,DT_1PL1502,KOSIS 성 및 연령별 1인가구-시군구
마포구,45~49세,3917,2025,DT_1PL1502,KOSIS 성 및 연령별 1인가구-시군구
마포구,50~54세,3876,2025,DT_1PL1502,KOSIS 성 및 연령별 1인가구-시군구
마포구,55~59세,3113,2025,DT_1PL1502,KOSIS 성 및 연령별 1인가구-시군구
마포구,60~64세,2974,2025,DT_1PL1502,KOSIS 성 및 연령별 1인가구-시군구
마포구,65~69세,3147,2025,DT_1PL1502,KOSIS 성 및 연령별 1인가구-시군구
마포구,70~74세,2503,2025,DT_1PL1502,KOSIS 성 및 연령별 1인가구-시군구
마포구,75~79세,2357,2025,DT_1PL1502,KOSIS 성 및 연령별 1인가구-시군구
마포구,80~84세,1958,2025,DT_1PL1502,KOSIS 성 및 연령별 1인가구-시군구
마포구,85세이상,1661,2025,DT_1PL1502,KOSIS 성 및 연령별 1인가구-시군구
양천구,합계,49370,2025,DT_1PL1502,KOSIS 성 및 연령별 1인가구-시군구
양천구,20세미만,122,2025,DT_1PL1502,KOSIS 성 및 연령별 1인가구-시군구
양천구,20~24세,1114,2025,DT_1PL1502,KOSIS 성 및 연령별 1인가구-시군구
양천구,25~29세,4628,2025,DT_1PL1502,KOSIS 성 및 연령별 1인가구-시군구
양천구,30~34세,5751,2025,DT_1PL1502,KOSIS 성 및 연령별 1인가구-시군구
양천구,35~39세,3763,2025,DT_1PL1502,KOSIS 성 및 연령별 1인가구-시군구
양천구,40~44세,3186,2025,DT_1PL1502,KOSIS 성 및 연령별 1인가구-시군구
양천구,45~49세,2900,2025,DT_1PL1502,KOSIS 성 및 연령별 1인가구-시군구
양천구,50~54세,3213,2025,DT_1PL1502,KOSIS 성 및 연령별 1인가구-시군구
양천구,55~59세,3627,2025,DT_1PL1502,KOSIS 성 및 연령별 1인가구-시군구
양천구,60~64세,4419,2025,DT_1PL1502,KOSIS 성 및 연령별 1인가구-시군구
양천구,65~69세,5081,2025,DT_1PL1502,KOSIS 성 및 연령별 1인가구-시군구
양천구,70~74세,4290,2025,DT_1PL1502,KOSIS 성 및 연령별 1인가구-시군구
양천구,75~79세,3200,2025,DT_1PL1502,KOSIS 성 및 연령별 1인가구-시군구
양천구,80~84세,2219,2025,DT_1PL1502,KOSIS 성 및 연령별 1인가구-시군구
양천구,85세이상,1857,2025,DT_1PL1502,KOSIS 성 및 연령별 1인가구-시군구
강서구,합계,108459,2025,DT_1PL1502,KOSIS 성 및 연령별 1인가구-시군구
강서구,20세미만,210,2025,DT_1PL1502,KOSIS 성 및 연령별 1인가구-시군구
강서구,20~24세,4081,2025,DT_1PL1502,KOSIS 성 및 연령별 1인가구-시군구
강서구,25~29세,17968,2025,DT_1PL1502,KOSIS 성 및 연령별 1인가구-시군구
강서구,30~34세,19152,2025,DT_1PL1502,KOSIS 성 및 연령별 1인가구-시군구
강서구,35~39세,10653,2025,DT_1PL1502,KOSIS 성 및 연령별 1인가구-시군구
강서구,40~44세,7608,2025,DT_1PL1502,KOSIS 성 및 연령별 1인가구-시군구
강서구,45~49세,5895,2025,DT_1PL1502,KOSIS 성 및 연령별 1인가구-시군구
강서구,50~54세,5794,2025,DT_1PL1502,KOSIS 성 및 연령별 1인가구-시군구
강서구,55~59세,5687,2025,DT_1PL1502,KOSIS 성 및 연령별 1인가구-시군구
강서구,60~64세,6437,2025,DT_1PL1502,KOSIS 성 및 연령별 1인가구-시군구
강서구,65~69세,7907,2025,DT_1PL1502,KOSIS 성 및 연령별 1인가구-시군구
강서구,70~74세,6301,2025,DT_1PL1502,KOSIS 성 및 연령별 1인가구-시군구
강서구,75~79세,4747,2025,DT_1PL1502,KOSIS 성 및 연령별 1인가구-시군구
강서구,80~84세,3311,2025,DT_1PL1502,KOSIS 성 및 연령별 1인가구-시군구
강서구,85세이상,2708,2025,DT_1PL1502,KOSIS 성 및 연령별 1인가구-시군구
구로구,합계,65153,2025,DT_1PL1502,KOSIS 성 및 연령별 1인가구-시군구
구로구,20세미만,218,2025,DT_1PL1502,KOSIS 성 및 연령별 1인가구-시군구
구로구,20~24세,2613,2025,DT_1PL1502,KOSIS 성 및 연령별 1인가구-시군구
구로구,25~29세,9594,2025,DT_1PL1502,KOSIS 성 및 연령별 1인가구-시군구
구로구,30~34세,9730,2025,DT_1PL1502,KOSIS 성 및 연령별 1인가구-시군구
구로구,35~39세,5751,2025,DT_1PL1502,KOSIS 성 및 연령별 1인가구-시군구
구로구,40~44세,4267,2025,DT_1PL1502,KOSIS 성 및 연령별 1인가구-시군구
구로구,45~49세,3599,2025,DT_1PL1502,KOSIS 성 및 연령별 1인가구-시군구
구로구,50~54세,4011,2025,DT_1PL1502,KOSIS 성 및 연령별 1인가구-시군구
구로구,55~59세,4058,2025,DT_1PL1502,KOSIS 성 및 연령별 1인가구-시군구
구로구,60~64세,4579,2025,DT_1PL1502,KOSIS 성 및 연령별 1인가구-시군구
구로구,65~69세,4985,2025,DT_1PL1502,KOSIS 성 및 연령별 1인가구-시군구
구로구,70~74세,4084,2025,DT_1PL1502,KOSIS 성 및 연령별 1인가구-시군구
구로구,75~79세,3342,2025,DT_1PL1502,KOSIS 성 및 연령별 1인가구-시군구
구로구,80~84세,2490,2025,DT_1PL1502,KOSIS 성 및 연령별 1인가구-시군구
구로구,85세이상,1832,2025,DT_1PL1502,KOSIS 성 및 연령별 1인가구-시군구
금천구,합계,55126,2025,DT_1PL1502,KOSIS 성 및 연령별 1인가구-시군구
금천구,20세미만,109,2025,DT_1PL1502,KOSIS 성 및 연령별 1인가구-시군구
금천구,20~24세,2209,2025,DT_1PL1502,KOSIS 성 및 연령별 1인가구-시군구
금천구,25~29세,10052,2025,DT_1PL1502,KOSIS 성 및 연령별 1인가구-시군구
금천구,30~34세,9676,2025,DT_1PL1502,KOSIS 성 및 연령별 1인가구-시군구
금천구,35~39세,4880,2025,DT_1PL1502,KOSIS 성 및 연령별 1인가구-시군구
금천구,40~44세,3269,2025,DT_1PL1502,KOSIS 성 및 연령별 1인가구-시군구
금천구,45~49세,2602,2025,DT_1PL1502,KOSIS 성 및 연령별 1인가구-시군구
금천구,50~54세,3122,2025,DT_1PL1502,KOSIS 성 및 연령별 1인가구-시군구
금천구,55~59세,3601,2025,DT_1PL1502,KOSIS 성 및 연령별 1인가구-시군구
금천구,60~64세,4034,2025,DT_1PL1502,KOSIS 성 및 연령별 1인가구-시군구
금천구,65~69세,3918,2025,DT_1PL1502,KOSIS 성 및 연령별 1인가구-시군구
금천구,70~74세,2785,2025,DT_1PL1502,KOSIS 성 및 연령별 1인가구-시군구
금천구,75~79세,2151,2025,DT_1PL1502,KOSIS 성 및 연령별 1인가구-시군구
금천구,80~84세,1587,2025,DT_1PL1502,KOSIS 성 및 연령별 1인가구-시군구
금천구,85세이상,1131,2025,DT_1PL1502,KOSIS 성 및 연령별 1인가구-시군구
영등포구,합계,81908,2025,DT_1PL1502,KOSIS 성 및 연령별 1인가구-시군구
영등포구,20세미만,180,2025,DT_1PL1502,KOSIS 성 및 연령별 1인가구-시군구
영등포구,20~24세,3536,2025,DT_1PL1502,KOSIS 성 및 연령별 1인가구-시군구
영등포구,25~29세,16745,2025,DT_1PL1502,KOSIS 성 및 연령별 1인가구-시군구
영등포구,30~34세,16781,2025,DT_1PL1502,KOSIS 성 및 연령별 1인가구-시군구
영등포구,35~39세,8515,2025,DT_1PL1502,KOSIS 성 및 연령별 1인가구-시군구
영등포구,40~44세,5400,2025,DT_1PL1502,KOSIS 성 및 연령별 1인가구-시군구
영등포구,45~49세,4153,2025,DT_1PL1502,KOSIS 성 및 연령별 1인가구-시군구
영등포구,50~54세,4154,2025,DT_1PL1502,KOSIS 성 및 연령별 1인가구-시군구
영등포구,55~59세,3960,2025,DT_1PL1502,KOSIS 성 및 연령별 1인가구-시군구
영등포구,60~64세,4215,2025,DT_1PL1502,KOSIS 성 및 연령별 1인가구-시군구
영등포구,65~69세,4435,2025,DT_1PL1502,KOSIS 성 및 연령별 1인가구-시군구
영등포구,70~74세,3314,2025,DT_1PL1502,KOSIS 성 및 연령별 1인가구-시군구
영등포구,75~79세,2771,2025,DT_1PL1502,KOSIS 성 및 연령별 1인가구-시군구
영등포구,80~84세,2036,2025,DT_1PL1502,KOSIS 성 및 연령별 1인가구-시군구
영등포구,85세이상,1713,2025,DT_1PL1502,KOSIS 성 및 연령별 1인가구-시군구
동작구,합계,78375,2025,DT_1PL1502,KOSIS 성 및 연령별 1인가구-시군구
동작구,20세미만,1028,2025,DT_1PL1502,KOSIS 성 및 연령별 1인가구-시군구
동작구,20~24세,8931,2025,DT_1PL1502,KOSIS 성 및 연령별 1인가구-시군구
동작구,25~29세,16825,2025,DT_1PL1502,KOSIS 성 및 연령별 1인가구-시군구
동작구,30~34세,13165,2025,DT_1PL1502,KOSIS 성 및 연령별 1인가구-시군구
동작구,35~39세,6785,2025,DT_1PL1502,KOSIS 성 및 연령별 1인가구-시군구
동작구,40~44세,4418,2025,DT_1PL1502,KOSIS 성 및 연령별 1인가구-시군구
동작구,45~49세,3502,2025,DT_1PL1502,KOSIS 성 및 연령별 1인가구-시군구
동작구,50~54세,3417,2025,DT_1PL1502,KOSIS 성 및 연령별 1인가구-시군구
동작구,55~59세,3174,2025,DT_1PL1502,KOSIS 성 및 연령별 1인가구-시군구
동작구,60~64세,3358,2025,DT_1PL1502,KOSIS 성 및 연령별 1인가구-시군구
동작구,65~69세,3932,2025,DT_1PL1502,KOSIS 성 및 연령별 1인가구-시군구
동작구,70~74세,3236,2025,DT_1PL1502,KOSIS 성 및 연령별 1인가구-시군구
동작구,75~79세,2838,2025,DT_1PL1502,KOSIS 성 및 연령별 1인가구-시군구
동작구,80~84세,2051,2025,DT_1PL1502,KOSIS 성 및 연령별 1인가구-시군구
동작구,85세이상,1715,2025,DT_1PL1502,KOSIS 성 및 연령별 1인가구-시군구
관악구,합계,158667,2025,DT_1PL1502,KOSIS 성 및 연령별 1인가구-시군구
관악구,20세미만,1164,2025,DT_1PL1502,KOSIS 성 및 연령별 1인가구-시군구
관악구,20~24세,15622,2025,DT_1PL1502,KOSIS 성 및 연령별 1인가구-시군구
관악구,25~29세,42354,2025,DT_1PL1502,KOSIS 성 및 연령별 1인가구-시군구
관악구,30~34세,31135,2025,DT_1PL1502,KOSIS 성 및 연령별 1인가구-시군구
관악구,35~39세,14087,2025,DT_1PL1502,KOSIS 성 및 연령별 1인가구-시군구
관악구,40~44세,8797,2025,DT_1PL1502,KOSIS 성 및 연령별 1인가구-시군구
관악구,45~49세,6745,2025,DT_1PL1502,KOSIS 성 및 연령별 1인가구-시군구
관악구,50~54세,6479,2025,DT_1PL1502,KOSIS 성 및 연령별 1인가구-시군구
관악구,55~59세,5932,2025,DT_1PL1502,KOSIS 성 및 연령별 1인가구-시군구
관악구,60~64세,6045,2025,DT_1PL1502,KOSIS 성 및 연령별 1인가구-시군구
관악구,65~69세,6345,2025,DT_1PL1502,KOSIS 성 및 연령별 1인가구-시군구
관악구,70~74세,4896,2025,DT_1PL1502,KOSIS 성 및 연령별 1인가구-시군구
관악구,75~79세,3989,2025,DT_1PL1502,KOSIS 성 및 연령별 1인가구-시군구
관악구,80~84세,2969,2025,DT_1PL1502,KOSIS 성 및 연령별 1인가구-시군구
관악구,85세이상,2108,2025,DT_1PL1502,KOSIS 성 및 연령별 1인가구-시군구
서초구,합계,50435,2025,DT_1PL1502,KOSIS 성 및 연령별 1인가구-시군구
서초구,20세미만,437,2025,DT_1PL1502,KOSIS 성 및 연령별 1인가구-시군구
서초구,20~24세,1982,2025,DT_1PL1502,KOSIS 성 및 연령별 1인가구-시군구
서초구,25~29세,7042,2025,DT_1PL1502,KOSIS 성 및 연령별 1인가구-시군구
서초구,30~34세,8590,2025,DT_1PL1502,KOSIS 성 및 연령별 1인가구-시군구
서초구,35~39세,5762,2025,DT_1PL1502,KOSIS 성 및 연령별 1인가구-시군구
서초구,40~44세,4519,2025,DT_1PL1502,KOSIS 성 및 연령별 1인가구-시군구
서초구,45~49세,3509,2025,DT_1PL1502,KOSIS 성 및 연령별 1인가구-시군구
서초구,50~54세,3336,2025,DT_1PL1502,KOSIS 성 및 연령별 1인가구-시군구
서초구,55~59세,2806,2025,DT_1PL1502,KOSIS 성 및 연령별 1인가구-시군구
서초구,60~64세,2509,2025,DT_1PL1502,KOSIS 성 및 연령별 1인가구-시군구
서초구,65~69세,2858,2025,DT_1PL1502,KOSIS 성 및 연령별 1인가구-시군구
서초구,70~74세,2408,2025,DT_1PL1502,KOSIS 성 및 연령별 1인가구-시군구
서초구,75~79세,2061,2025,DT_1PL1502,KOSIS 성 및 연령별 1인가구-시군구
서초구,80~84세,1440,2025,DT_1PL1502,KOSIS 성 및 연령별 1인가구-시군구
서초구,85세이상,1176,2025,DT_1PL1502,KOSIS 성 및 연령별 1인가구-시군구
강남구,합계,79351,2025,DT_1PL1502,KOSIS 성 및 연령별 1인가구-시군구
강남구,20세미만,382,2025,DT_1PL1502,KOSIS 성 및 연령별 1인가구-시군구
강남구,20~24세,2705,2025,DT_1PL1502,KOSIS 성 및 연령별 1인가구-시군구
강남구,25~29세,11080,2025,DT_1PL1502,KOSIS 성 및 연령별 1인가구-시군구
강남구,30~34세,14152,2025,DT_1PL1502,KOSIS 성 및 연령별 1인가구-시군구
강남구,35~39세,9426,2025,DT_1PL1502,KOSIS 성 및 연령별 1인가구-시군구
강남구,40~44세,7666,2025,DT_1PL1502,KOSIS 성 및 연령별 1인가구-시군구
강남구,45~49세,5915,2025,DT_1PL1502,KOSIS 성 및 연령별 1인가구-시군구
강남구,50~54세,4915,2025,DT_1PL1502,KOSIS 성 및 연령별 1인가구-시군구
강남구,55~59세,3836,2025,DT_1PL1502,KOSIS 성 및 연령별 1인가구-시군구
강남구,60~64세,3734,2025,DT_1PL1502,KOSIS 성 및 연령별 1인가구-시군구
강남구,65~69세,4349,2025,DT_1PL1502,KOSIS 성 및 연령별 1인가구-시군구
강남구,70~74세,3817,2025,DT_1PL1502,KOSIS 성 및 연령별 1인가구-시군구
강남구,75~79세,3258,2025,DT_1PL1502,KOSIS 성 및 연령별 1인가구-시군구
강남구,80~84세,2248,2025,DT_1PL1502,KOSIS 성 및 연령별 1인가구-시군구
강남구,85세이상,1868,2025,DT_1PL1502,KOSIS 성 및 연령별 1인가구-시군구
송파구,합계,91108,2025,DT_1PL1502,KOSIS 성 및 연령별 1인가구-시군구
송파구,20세미만,253,2025,DT_1PL1502,KOSIS 성 및 연령별 1인가구-시군구
송파구,20~24세,2609,2025,DT_1PL1502,KOSIS 성 및 연령별 1인가구-시군구
송파구,25~29세,13351,2025,DT_1PL1502,KOSIS 성 및 연령별 1인가구-시군구
송파구,30~34세,16897,2025,DT_1PL1502,KOSIS 성 및 연령별 1인가구-시군구
송파구,35~39세,10198,2025,DT_1PL1502,KOSIS 성 및 연령별 1인가구-시군구
송파구,40~44세,7425,2025,DT_1PL1502,KOSIS 성 및 연령별 1인가구-시군구
송파구,45~49세,5687,2025,DT_1PL1502,KOSIS 성 및 연령별 1인가구-시군구
송파구,50~54세,5347,2025,DT_1PL1502,KOSIS 성 및 연령별 1인가구-시군구
송파구,55~59세,4967,2025,DT_1PL1502,KOSIS 성 및 연령별 1인가구-시군구
송파구,60~64세,5306,2025,DT_1PL1502,KOSIS 성 및 연령별 1인가구-시군구
송파구,65~69세,6146,2025,DT_1PL1502,KOSIS 성 및 연령별 1인가구-시군구
송파구,70~74세,4704,2025,DT_1PL1502,KOSIS 성 및 연령별 1인가구-시군구
송파구,75~79세,3716,2025,DT_1PL1502,KOSIS 성 및 연령별 1인가구-시군구
송파구,80~84세,2507,2025,DT_1PL1502,KOSIS 성 및 연령별 1인가구-시군구
송파구,85세이상,1995,2025,DT_1PL1502,KOSIS 성 및 연령별 1인가구-시군구
강동구,합계,70590,2025,DT_1PL1502,KOSIS 성 및 연령별 1인가구-시군구
강동구,20세미만,143,2025,DT_1PL1502,KOSIS 성 및 연령별 1인가구-시군구
강동구,20~24세,2053,2025,DT_1PL1502,KOSIS 성 및 연령별 1인가구-시군구
강동구,25~29세,9594,2025,DT_1PL1502,KOSIS 성 및 연령별 1인가구-시군구
강동구,30~34세,10465,2025,DT_1PL1502,KOSIS 성 및 연령별 1인가구-시군구
강동구,35~39세,6060,2025,DT_1PL1502,KOSIS 성 및 연령별 1인가구-시군구
강동구,40~44세,4823,2025,DT_1PL1502,KOSIS 성 및 연령별 1인가구-시군구
강동구,45~49세,4171,2025,DT_1PL1502,KOSIS 성 및 연령별 1인가구-시군구
강동구,50~54세,4460,2025,DT_1PL1502,KOSIS 성 및 연령별 1인가구-시군구
강동구,55~59세,4619,2025,DT_1PL1502,KOSIS 성 및 연령별 1인가구-시군구
강동구,60~64세,5435,2025,DT_1PL1502,KOSIS 성 및 연령별 1인가구-시군구
강동구,65~69세,6425,2025,DT_1PL1502,KOSIS 성 및 연령별 1인가구-시군구
강동구,70~74세,4931,2025,DT_1PL1502,KOSIS 성 및 연령별 1인가구-시군구
강동구,75~79세,3477,2025,DT_1PL1502,KOSIS 성 및 연령별 1인가구-시군구
강동구,80~84세,2255,2025,DT_1PL1502,KOSIS 성 및 연령별 1인가구-시군구
강동구,85세이상,1679,2025,DT_1PL1502,KOSIS 성 및 연령별 1인가구-시군구
