locker_stat_id,district,facility_name,address,operation_status,installed_year,removed_year,locker_count,2021,2022,2023,2024,2025,2026_h1,snapshot_date,source_sheet
STAT_f2873d5dd989,종로구,청운효자동 자치회관,자하문로19길 36,운영,2017,,19,0.35,0.27,0.24,0.28010821803303215,0.2654482644784003,0.26662692798304005,2026-06-30,구별 연간 점유율
STAT_fc2a86ed1394,종로구,종로육아종합지원센터,성균관로1길 6-3,운영,2015,,19,,,,,,,2026-06-30,구별 연간 점유율
STAT_0cd8a2d799e5,종로구,숭인1동 주민센터,지봉로 86,운영,2014,,19,,,,,,,2026-06-30,구별 연간 점유율
STAT_c7e46abc1681,종로구,숭인제2동주민센터,종로65길 10,운영,2020,,12,,,,,,,2026-06-30,구별 연간 점유율
STAT_21a86d9f47ae,종로구,종로구민회관,지봉로5길 7-5,운영,2019,,12,,,,,,,2026-06-30,구별 연간 점유율
STAT_993b2f02ae9c,중구,약수동공영주차장,동호로8다길 22,철거,2017,2025,12,0.21,0.19,0.19,0.17610142302182555,0.19230336706461496,0.18529455358827174,2026-06-30,구별 연간 점유율
STAT_faccecab1808,중구,버티 공영주차장,동호로17길 270,운영,2017,,19,,,,,,,2026-06-30,구별 연간 점유율
STAT_54b150fff4fd,중구,장충체육관 후문,동호로 241,운영,2016,,19,,,,,,,2026-06-30,구별 연간 점유율
STAT_b9f19c6dddd0,중구,약수교회 식당입구,다산로8길 32,철거,2014,2025,19,,,,,,,2026-06-30,구별 연간 점유율
STAT_f8bb8db97063,중구,장충공영주차장,장충동2가 192-129,철거,2018,2024,12,,,,,,,2026-06-30,구별 연간 점유율
STAT_5f1ff7970896,중구,충현 공영주차장,동호로 11나길 47,철거,,2024,12,,,,,,,2026-06-30,구별 연간 점유율
STAT_438c9ca92101,중구,명동주민센터,퇴계로20나길 16,철거,2016,2024,19,,,,,,,2026-06-30,구별 연간 점유율
STAT_3b03968e50d1,중구,다산동공영주차장,동호로15길60,철거,,2022,12,,,,,,,2026-06-30,구별 연간 점유율
STAT_8249f19c6910,중구,충무창업큐브,광희동 퇴계로 265,운영,2023,,12,,,,,,,2026-06-30,구별 연간 점유율
STAT_1b5b79410bc5,용산구,보광동주민센터,장문로 95,운영,2020,,12,0.33,0.31,0.27,0.26792732144694853,0.2926188806447985,0.271214995006644,2026-06-30,구별 연간 점유율
STAT_0f7ce7abe0cd,용산구,숙대 명재관 인근,효창원로86길 33,운영,2017,,19,,,,,,,2026-06-30,구별 연간 점유율
STAT_4050d8fe3123,용산구,용산치안센터(2가동주민센터),신흥로 90,운영,2016,,19,,,,,,,2026-06-30,구별 연간 점유율
STAT_e81e7c62c745,용산구,효창동주민센터,효창원로 161,운영,2016,,19,,,,,,,2026-06-30,구별 연간 점유율
STAT_7b48b85b0312,용산구,한남동공영주차장,이태원로 224-19,운영,2016,,12,,,,,,,2026-06-30,구별 연간 점유율
STAT_9b09f30c5033,용산구,용산구청후문,녹사평대로 150,운영,2013,,19,,,,,,,2026-06-30,구별 연간 점유율
STAT_6d1860ea10b7,용산구,효창종합사회복지관,효창원로146-12,철거,,2023,19,,,,,,,2026-06-30,구별 연간 점유율
STAT_12ddd3aab93b,용산구,갈월종합사회복지관,두텁바위로 25,운영,2013,,26,,,,,,,2026-06-30,구별 연간 점유율
STAT_1172c7332dcd,용산구,용산꿈나무종합타운,백범로 329,운영,2018,,12,,,,,,,2026-06-30,구별 연간 점유율
STAT_29cac3c98c62,성동구,열린금호교육문화관,무수막길 69,운영,,,12,0.21,0.23,0.25,0.2129440503318277,0.21619916279230264,0.22281776263100542,2026-06-30,구별 연간 점유율
STAT_9d3fa2b69083,성동구,성수2가3동 공영주차장,광나루로 4가길 23,운영,2021,,12,,,,,,,2026-06-30,구별 연간 점유율
STAT_4b912f14f5db,성동구,용답공영주차장,용답 29길 22,철거,2020,2024,12,,,,,,,2026-06-30,구별 연간 점유율
STAT_943af5c9afc0,성동구,강변공영주차장,둘레길 47-5,철거,,2024,19,,,,,,,2026-06-30,구별 연간 점유율
STAT_641149cfb49b,성동구,하왕십리공영주차장,무학봉길 48,운영,,,12,,,,,,,2026-06-30,구별 연간 점유율
STAT_bd325c0b6958,성동구,성동구민종합체육센터,왕십리로 89,운영,2017,,19,,,,,,,2026-06-30,구별 연간 점유율
STAT_6baaa2d14df5,성동구,응봉동 공영주차장,독서당로63길 40,운영,2024,,12,,,,,,,2026-06-30,구별 연간 점유율
STAT_cc117a8e3400,성동구,성동구립도서관,고산자로10길 9,운영,2016,,26,,,,,,,2026-06-30,구별 연간 점유율
STAT_9d29c73ae990,성동구,왕십리2동주민센터,무학봉15길 6,운영,2022,,12,,,,,,,2026-06-30,구별 연간 점유율
STAT_9a738c1e0e95,성동구,사근동주민센터,사근동길 37,운영,2018,,12,,,,,,,2026-06-30,구별 연간 점유율
STAT_d34ef1e8269d,광진구,자양2동주민센터,자양로3가길 26,운영,2019,,12,0.31,0.3,0.28,0.2903419886134317,0.2670844455481879,0.26585552886160174,2026-06-30,구별 연간 점유율
STAT_3676629fc0b6,광진구,자양문화체육센터,뚝섬로52길 66,운영,2021,,19,,,,,,,2026-06-30,구별 연간 점유율
STAT_075189ed3cf4,광진구,군자동주민센터,면목로 13,운영,2022,,12,,,,,,,2026-06-30,구별 연간 점유율
STAT_b1db1e2faece,광진구,구의1동공영주차장,자양로18길 78,운영,,,19,,,,,,,2026-06-30,구별 연간 점유율
STAT_23649dd805e2,광진구,중곡감리교회,긴고랑로36길 56,철거,2017,2023,19,,,,,,,2026-06-30,구별 연간 점유율
STAT_758ff5ca6137,광진구,구의2동주택가 공동주차장,자양로 309,운영,2017,,19,,,,,,,2026-06-30,구별 연간 점유율
STAT_e9bf395d37b8,광진구,자양종합사회복지관,자양번영로 35,운영,2016,,19,,,,,,,2026-06-30,구별 연간 점유율
STAT_408bd0ac3797,광진구,중곡문화체육센터,능동로 433,운영,2016,,19,,,,,,,2026-06-30,구별 연간 점유율
STAT_e55a66477e82,광진구,중곡종합건강센터,긴고랑로 110,운영,2016,,19,,,,,,,2026-06-30,구별 연간 점유율
STAT_3acf37d271c1,광진구,화양동주민센터,능동로17길 39,운영,2015,,19,,,,,,,2026-06-30,구별 연간 점유율
STAT_63bdb69c59a1,광진구,자양4동 주민센터,뚝섬로26길 58,운영,2014,,19,,,,,,,2026-06-30,구별 연간 점유율
STAT_ca5751664bd1,광진구,동부여성발전센터,아차산로30길 36,운영,2014,,26,,,,,,,2026-06-30,구별 연간 점유율
STAT_2b92845e04d7,광진구,중곡1동주민센터,긴고랑로12길 49,운영,2018,,12,,,,,,,2026-06-30,구별 연간 점유율
STAT_cd0d76d74c3a,광진구,현대오일뱅크_중원주유소,동일로 398,철거,2019,2023,,,,,,,,2026-06-30,구별 연간 점유율
STAT_0c47cbd55ae6,광진구,광진경찰서,자양로 167,운영,2018,,12,,,,,,,2026-06-30,구별 연간 점유율
STAT_eaa2d3d65362,동대문구,휘경동공영주차장,망우로12길 33,운영,2019,,19,0.28,0.24,0.29,0.3340328138002088,0.27775828740758707,0.3170285603811708,2026-06-30,구별 연간 점유율
STAT_d0f69a3385d2,동대문구,이문체육문화센터,한천로58길 81-49,운영,2022,,12,,,,,,,2026-06-30,구별 연간 점유율
STAT_8507bb784f10,동대문구,신한은행 외대역 지점,휘경로 23(이문동),철거,2019,2026,12,,,,,,,2026-06-30,구별 연간 점유율
STAT_764b677382e5,동대문구,나사렛교회,전농로27길 42,철거,2017,2024,19,,,,,,,2026-06-30,구별 연간 점유율
STAT_30253358ff81,동대문구,장안2동 공영주차장,답십리로65길 124-5,운영,2017,,19,,,,,,,2026-06-30,구별 연간 점유율
STAT_0e5791032abc,동대문구,동대문구청 종합민원실,천호대로 145,운영,2016,,19,,,,,,,2026-06-30,구별 연간 점유율
STAT_d88bac6a8b15,동대문구,동대문종합사회복지관,약령시로5길 22,철거,2016,2023,19,,,,,,,2026-06-30,구별 연간 점유율
STAT_6bc8f8825cac,동대문구,회기동공영주차장,회기로25길 31,운영,2016,,12,,,,,,,2026-06-30,구별 연간 점유율
STAT_a301e08fb187,동대문구,답십리도서관,서울시립대로4길 75,운영,2015,,19,,,,,,,2026-06-30,구별 연간 점유율
STAT_3639fcc7ebce,동대문구,정보화도서관,회기로10길 60,운영,2013,,19,,,,,,,2026-06-30,구별 연간 점유율
STAT_fb818619e613,동대문구,장안종합사회복지관,한천로18길 48,운영,2013,,26,,,,,,,2026-06-30,구별 연간 점유율
STAT_95a09e290bd9,동대문구,답십리2청소년독서실,답십리로56길 15,운영,2022,,12,,,,,,,2026-06-30,구별 연간 점유율
STAT_cbdc9360c91f,중랑구,중화1치안센터,동일로 792,철거,2021,2024,19,0.28,0.26,0.3,0.34701437417320563,0.2912051716126419,0.33089361151330593,2026-06-30,구별 연간 점유율
STAT_6de60005fdc0,중랑구,면목4동주민센터,면목로 246,운영,2016,,19,,,,,,,2026-06-30,구별 연간 점유율
STAT_0856c74ea1d5,중랑구,면목5동 주민센터,동일로 619,운영,2014,,19,,,,,,,2026-06-30,구별 연간 점유율
STAT_bf8a83ad9ef3,중랑구,면목본동 주민센터,면목로 397,운영,2013,,33,,,,,,,2026-06-30,구별 연간 점유율
STAT_6cb0a600e20f,중랑구,상봉1동주민센터,상봉중앙로1길 6,운영,2023,,19,,,,,,,2026-06-30,구별 연간 점유율
STAT_28eb1a2300e8,중랑구,상봉2동주민센터,동일로 114길 10,운영,,,19,,,,,,,2026-06-30,구별 연간 점유율
STAT_23e5d157fd2d,성북구,석관동주민센터,화랑로 296,운영,2019,,12,0.34,0.31,0.29,0.29702411758950276,0.31189721756227484,0.3038902489759345,2026-06-30,구별 연간 점유율
STAT_7c3980948ba9,성북구,성북정릉감리교회,보국문로8길 23,철거,2022,2026,19,,,,,,,2026-06-30,구별 연간 점유율
STAT_db6096ed1b43,성북구,성북구립휘트니스센터,보문로29길 49,운영,2026,,19,,,,,,,2026-06-30,구별 연간 점유율
STAT_d02c85eb65b9,성북구,보문부모아이지원센터,지봉로24길 26,운영,2020,,12,,,,,,,2026-06-30,구별 연간 점유율
STAT_6a31f976acf1,성북구,제일빌딩,북악산로31길 8,운영,2017,,19,,,,,,,2026-06-30,구별 연간 점유율
STAT_63ba54a52163,성북구,성북희망나눔봉사센터,삼양로 20,운영,2016,,19,,,,,,,2026-06-30,구별 연간 점유율
STAT_e667effbc8d6,성북구,안암교회,보문로30가길 41-6,운영,2015,,19,,,,,,,2026-06-30,구별 연간 점유율
STAT_7e654d362a1a,성북구,성북청소년수련관,한천로 660-9,철거,2018,2023,12,,,,,,,2026-06-30,구별 연간 점유율
STAT_f5a46a229b66,성북구,아리랑 시네미디어센터,아리랑로 82,운영,2014,,19,,,,,,,2026-06-30,구별 연간 점유율
STAT_3a978882743c,성북구,장위1동 주민센터,장위로 61,운영,2014,,19,,,,,,,2026-06-30,구별 연간 점유율
STAT_11e6f823fec9,강북구,미아사거리역 1번출구,도봉로 50,운영,,,19,0.42,0.41,0.4,0.41212901827866916,0.4445900232236032,0.4265604863758514,2026-06-30,구별 연간 점유율
STAT_a95f5efae027,강북구,강북노인종합복지회관,삼양로92길 40,철거,2017,2024,19,,,,,,,2026-06-30,구별 연간 점유율
STAT_df869c0261ad,강북구,솔밭근린공원 개방화장실,삼양로 561,운영,2016,,19,,,,,,,2026-06-30,구별 연간 점유율
STAT_6cd2ae161b97,강북구,강북문화예술회관,삼각산로 85,철거,2016,2025,19,,,,,,,2026-06-30,구별 연간 점유율
STAT_8c9981ad567d,강북구,번동북부시장 북부마트,한천로123길 26,운영,2016,,19,,,,,,,2026-06-30,구별 연간 점유율
STAT_02ce211a73ff,강북구,수유역1번출구,도봉로 338,운영,2015,,19,,,,,,,2026-06-30,구별 연간 점유율
STAT_6877775a2b50,강북구,미아동 복합청사,솔매로49길 14,운영,2014,,19,,,,,,,2026-06-30,구별 연간 점유율
STAT_b9455df15715,강북구,강북구청 본관 입구,도봉로89길 13,철거,2014,2025,19,,,,,,,2026-06-30,구별 연간 점유율
STAT_3462bd604e62,강북구,수유1동 주민센터,삼양로 299,운영,2013,,19,,,,,,,2026-06-30,구별 연간 점유율
STAT_25c8fb76df82,도봉구,염광교회,도봉로120길 16,운영,2017,,19,0.36,0.37,0.37,0.30441041354293374,0.3167367113409134,0.28926525382837537,2026-06-30,구별 연간 점유율
STAT_2d1a4ae7e6b6,도봉구,창3동 주민센터,덕릉로62길 89,운영,2017,,19,,,,,,,2026-06-30,구별 연간 점유율
STAT_c44b7c117080,도봉구,도봉구민회관,도봉로 552,운영,2016,,19,,,,,,,2026-06-30,구별 연간 점유율
STAT_889ddcfc8dad,도봉구,창동 도봉육아종합지원센터,우이천로4길 24-5,철거,2016,2024,12,,,,,,,2026-06-30,구별 연간 점유율
STAT_abdc15a2769f,도봉구,도봉서원종합사회복지관,마들로 668,운영,2014,,19,,,,,,,2026-06-30,구별 연간 점유율
STAT_edd0ce707057,도봉구,방아골종합사회복지관,시루봉로17길 42,운영,2014,,19,,,,,,,2026-06-30,구별 연간 점유율
STAT_db61cb773620,도봉구,창동역1번출구,마들로11길 77,철거,2013,2024,26,,,,,,,2026-06-30,구별 연간 점유율
STAT_bbe947b6127e,도봉구,도봉구민청,마들로 656,철거,,2022,,,,,,,,2026-06-30,구별 연간 점유율
STAT_f2e61d5d0c1c,도봉구,창1동제1공영주차장,도봉로112길 43,철거,2016,2023,,,,,,,,2026-06-30,구별 연간 점유율
STAT_9f573acbdc9c,도봉구,도봉1동주민센터,도봉로169나길 22,운영,2013,,19,,,,,,,2026-06-30,구별 연간 점유율
STAT_f9c7836a82e2,도봉구,창2동 신창교회,덕릉로 247,운영,2018,,12,,,,,,,2026-06-30,구별 연간 점유율
STAT_550e7be8d55a,노원구,공릉종합사회복지관,동일로 1127 공릉아파트,운영,2019,,12,0.37,0.35,0.38,0.3767305769726222,0.33147167597810334,0.3272065474163461,2026-06-30,구별 연간 점유율
STAT_973c52013a4d,노원구,상계문화정보도서관,동일로 243길 57,운영,2020,,19,,,,,,,2026-06-30,구별 연간 점유율
STAT_607b1e6c65c7,노원구,상계2동주민센터,상계로 118,운영,2016,,19,,,,,,,2026-06-30,구별 연간 점유율
STAT_c95c9f143485,노원구,"상계3,4동 주민센터",덕릉로 859,운영,2014,,19,,,,,,,2026-06-30,구별 연간 점유율
STAT_7139e11611c8,노원구,상계역 자전거대여소,상계로 190,운영,2014,,33,,,,,,,2026-06-30,구별 연간 점유율
STAT_796f54c33f16,노원구,공릉 청소년문화정보센터,노원로1나길 10,운영,2013,,19,,,,,,,2026-06-30,구별 연간 점유율
STAT_6a4e2e43208e,노원구,공릉1동 주민센터(노원),동일로186길 3-24,운영,,,19,,,,,,,2026-06-30,구별 연간 점유율
STAT_a37f33e680d0,노원구,월계문화정보도서관,월계로 319,철거,2015,2023,19,,,,,,,2026-06-30,구별 연간 점유율
STAT_a66288880b6e,노원구,월계치안센터,석계로 93,철거,2018,2024,19,,,,,,,2026-06-30,구별 연간 점유율
STAT_3b4b3b6074fc,은평구,역촌동 주민센터,연서로 59,운영,2013,,19,0.37,0.34,0.38,0.3996259613058981,0.42854732676582324,0.3918503658728086,2026-06-30,구별 연간 점유율
STAT_93f602e43c1c,은평구,갈현1동 주민센터,갈현로 301,운영,2013,,26,,,,,,,2026-06-30,구별 연간 점유율
STAT_769ff5af10db,은평구,갈현청소년센터쉼쉼,통일로89길 6-20,운영,2020,,12,,,,,,,2026-06-30,구별 연간 점유율
STAT_56dbf40af347,은평구,연신내 지구대,갈현로 195,운영,2016,,19,,,,,,,2026-06-30,구별 연간 점유율
STAT_5598f8ce4998,은평구,구산동주민센터,갈현로17길 10,운영,2015,,19,,,,,,,2026-06-30,구별 연간 점유율
STAT_a0a6df8187c3,은평구,불광보건소,연서로 34길 11,철거,2016,2024,,,,,,,,2026-06-30,구별 연간 점유율
STAT_b967fdd81b04,은평구,시립은평청소년센터,백련산로4길 16,철거,,2022,,,,,,,,2026-06-30,구별 연간 점유율
STAT_700eff018d51,은평구,아인스하임,은평터널로7가길 8,철거,,2022,,,,,,,,2026-06-30,구별 연간 점유율
STAT_8420add40d30,은평구,신사종합사회복지관,은평로 38,운영,2014,,26,,,,,,,2026-06-30,구별 연간 점유율
STAT_b7135035db3d,은평구,불광1동 치안센터,불광로 129,운영,2014,,19,,,,,,,2026-06-30,구별 연간 점유율
STAT_36245c05dd5b,은평구,청년취업사관학교 은평캠퍼스,은평로 245,운영,2014,,19,,,,,,,2026-06-30,구별 연간 점유율
STAT_ecbf63ad99b3,은평구,증산 정보도서관,증산로5길 6,철거,2013,2025,33,,,,,,,2026-06-30,구별 연간 점유율
STAT_dba52d4dc13c,서대문구,청년누리,증가로4길 8-45,운영,2019,,12,0.27,0.25,0.23,0.270952525299939,0.26409120683048953,0.2354959674684137,2026-06-30,구별 연간 점유율
STAT_3209c0b76906,서대문구,남가좌2동 제2공영주차장,명지대5길 10-8,운영,,,12,,,,,,,2026-06-30,구별 연간 점유율
STAT_6a637bb15cd7,서대문구,신한은행_남가좌동점,서대문구 수색로2길 36(남가좌동),운영,2020,,12,,,,,,,2026-06-30,구별 연간 점유율
STAT_7e17681867dd,서대문구,신한은행 명지대 지점,거북골로 45(남가좌동),운영,2019,,12,,,,,,,2026-06-30,구별 연간 점유율
STAT_cf3f5621fd55,서대문구,홍제3동 주민센터,세검정로4길 32,운영,2017,,12,,,,,,,2026-06-30,구별 연간 점유율
STAT_31fbd643fef2,서대문구,홍은2동 주민센터,모래내로 334,운영,2017,,19,,,,,,,2026-06-30,구별 연간 점유율
STAT_9a4437a9e8b3,서대문구,연희동주민센터,연희로 189,운영,2016,,19,,,,,,,2026-06-30,구별 연간 점유율
STAT_1646029bae43,서대문구,홍은1동주민센터,홍은중앙로 85,운영,,,19,,,,,,,2026-06-30,구별 연간 점유율
STAT_cba02c66855e,서대문구,신한은행_연희동점,서대문구 연희맛로 28,운영,2022,,12,,,,,,,2026-06-30,구별 연간 점유율
STAT_80e4ea4955e4,서대문구,서부제일교회 어린이도서관,가좌로 154,철거,2014,2025,12,,,,,,,2026-06-30,구별 연간 점유율
STAT_1ea51086c56a,서대문구,봉원교회 북카페 옆,봉원사2길 13,운영,2013,,12,,,,,,,2026-06-30,구별 연간 점유율
STAT_1e917029efef,서대문구,북아현동 주민센터,북아현로 24,운영,2013,,26,,,,,,,2026-06-30,구별 연간 점유율
STAT_a3f8e0e054fd,서대문구,충현동주민센터,북아현로22길 38,운영,2018,,12,,,,,,,2026-06-30,구별 연간 점유율
STAT_8dec4790137f,마포구,서교동교회,잔다리로6길 11,운영,2019,,12,0.32,0.31,0.29,0.30215427666223377,0.2794066957037387,0.2565816805707864,2026-06-30,구별 연간 점유율
STAT_8d6147041bce,마포구,성산1동주민센터,성산로 4길 15,운영,2019,,12,,,,,,,2026-06-30,구별 연간 점유율
STAT_98a0f41ef8d7,마포구,대흥동주민센터,신촌로26길 10,운영,2013,,19,,,,,,,2026-06-30,구별 연간 점유율
STAT_034d63886258,마포구,망원2동 치안센터,월드컵로31길 18,운영,2021,,19,,,,,,,2026-06-30,구별 연간 점유율
STAT_7481b259a196,마포구,서현교회,잔다리로7길 31,운영,2021,,19,,,,,,,2026-06-30,구별 연간 점유율
STAT_02ba68e25318,마포구,동교치안센터,신촌로2안길 27,운영,2021,,12,,,,,,,2026-06-30,구별 연간 점유율
STAT_7ab19dc12969,마포구,서강동주민센터,독막로 165,운영,2020,,12,,,,,,,2026-06-30,구별 연간 점유율
STAT_835a682c24e1,마포구,상암동주민센터후문,매봉산로2길 16,운영,,,19,,,,,,,2026-06-30,구별 연간 점유율
STAT_0bd5f0eb3d10,마포구,신수동주민센터,독막로 192,운영,2017,,19,,,,,,,2026-06-30,구별 연간 점유율
STAT_deffabebbf77,마포구,성산2동주민센터,월드컵북로30길 22,운영,2016,,19,,,,,,,2026-06-30,구별 연간 점유율
STAT_05cc498bda2e,마포구,연남동희망원룸주택,성미산로17길 79,운영,2015,,19,,,,,,,2026-06-30,구별 연간 점유율
STAT_5c94fea8d4e9,마포구,상암동 제1공영주차장,성암로 197,운영,2014,,19,,,,,,,2026-06-30,구별 연간 점유율
STAT_9d348c728bd6,마포구,마포아트센터,대흥로20길 28,운영,2014,,19,,,,,,,2026-06-30,구별 연간 점유율
STAT_fac888c0d055,마포구,연남동 주민커뮤니티센터,동교로41길 36,운영,2013,,26,,,,,,,2026-06-30,구별 연간 점유율
STAT_6d6e701f1594,마포구,도화동 주민센터,도화길 37,운영,2013,,26,,,,,,,2026-06-30,구별 연간 점유율
STAT_39d0f0d3901b,양천구,신월1동 청소년독서실,남부순환로59길 8,철거,,2024,12,0.35,0.34,0.32,0.3733357591389176,0.34605196346601264,0.3290040681901887,2026-06-30,구별 연간 점유율
STAT_23de841d5965,양천구,양천나눔누리센터,중앙로 250,운영,2017,,19,,,,,,,2026-06-30,구별 연간 점유율
STAT_2d04eb775967,양천구,목동실버복지문화센터,목동중앙로3길 21,운영,2016,,19,,,,,,,2026-06-30,구별 연간 점유율
STAT_5e1b65d10f0f,양천구,신월3동주민센터,남부순환로54길 5,운영,2016,,19,,,,,,,2026-06-30,구별 연간 점유율
STAT_7cde1368b8b0,양천구,신정4동주민센터,오목로34길 5,운영,2016,,19,,,,,,,2026-06-30,구별 연간 점유율
STAT_ca4ba4317e97,양천구,목동문화체육센터,목동중앙본로 73,운영,2015,,19,,,,,,,2026-06-30,구별 연간 점유율
STAT_f11098cfa848,양천구,신월문화체육센터,지양로 47,운영,2014,,19,,,,,,,2026-06-30,구별 연간 점유율
STAT_e0ecb8e2972b,양천구,신월5동주민센터,화곡로4길 10,운영,2014,,19,,,,,,,2026-06-30,구별 연간 점유율
STAT_e1de30daf002,양천구,신월4동주민센터,오목로5길 34,운영,2013,,19,,,,,,,2026-06-30,구별 연간 점유율
STAT_b88d8a60bdf8,양천구,목3동 주민센터,목동중앙남로16나길 55,운영,2013,,19,,,,,,,2026-06-30,구별 연간 점유율
STAT_ddedb1f16494,양천구,경창시장고객주차장,신월동 446-3,철거,,2023,,,,,,,,2026-06-30,구별 연간 점유율
STAT_06696991c883,양천구,목동보건지소,목동중앙본로7가길 11,운영,2018,,12,,,,,,,2026-06-30,구별 연간 점유율
STAT_99c35e6d1838,강서구,화곡2동주민센터,곰달래로37길 13,운영,2021,,12,0.32,0.29,0.29,0.2826291669767242,0.2821002204445692,0.26993396380144496,2026-06-30,구별 연간 점유율
STAT_7d8d8d33828e,강서구,길꽃어린이도서관,금낭화로24길 5,운영,2019,,12,,,,,,,2026-06-30,구별 연간 점유율
STAT_7a8f5894fece,강서구,화곡8동 주민센터,곰달래로25길 45,운영,2017,,19,,,,,,,2026-06-30,구별 연간 점유율
STAT_5c873e7265ba,강서구,가로공원공영주차장1번출구,가로공원로 189,운영,2016,,19,,,,,,,2026-06-30,구별 연간 점유율
STAT_4318d33b4163,강서구,화곡 6-1 공영주차장,우장산로 114,운영,2015,,19,,,,,,,2026-06-30,구별 연간 점유율
STAT_d6a3c7b99c3c,강서구,화곡 3-1 공영주차장,화곡로15길 40,운영,2014,,19,,,,,,,2026-06-30,구별 연간 점유율
STAT_638d593500cd,강서구,화곡 1-1 공영주차장,곰달래로15길 28,운영,2014,,19,,,,,,,2026-06-30,구별 연간 점유율
STAT_f6e9b8766022,강서구,내발산동 문화센터,강서로52길 89,운영,2014,,19,,,,,,,2026-06-30,구별 연간 점유율
STAT_fb84bfad2874,강서구,곰달래복지문화센터,강서로5길 50,운영,2013,,26,,,,,,,2026-06-30,구별 연간 점유율
STAT_9e82a3101669,강서구,화곡4동 주민센터,곰달래로57가길 26,운영,2013,,26,,,,,,,2026-06-30,구별 연간 점유율
STAT_dbbb210dd022,강서구,볏골공원공영주차장,까치산로4길 22,운영,2013,,26,,,,,,,2026-06-30,구별 연간 점유율
STAT_f80238d23915,강서구,공항동 주민센터,송정로 45,운영,2013,,26,,,,,,,2026-06-30,구별 연간 점유율
STAT_adbd014f8e18,강서구,발산1동주민센터,강서로47길 54,운영,2018,,19,,,,,,,2026-06-30,구별 연간 점유율
STAT_0ffcc957b341,강서구,신방화역환승주차장,마곡서1로 111-12,운영,2021,,19,,,,,,,2026-06-30,구별 연간 점유율
STAT_0f9c71f4ccd3,구로구,가리봉동주민센터,우마2길 35,철거,,2024,12,0.29,0.22,0.24,0.28007948356244705,0.2957812036812461,0.35412654246129066,2026-06-30,구별 연간 점유율
STAT_cda1caae8d02,구로구,구로구 시설관리공단,구로동로26길 54,철거,2017,2025,19,,,,,,,2026-06-30,구별 연간 점유율
STAT_97228c730102,구로구,서울교통공사대림별관,도림천로 352,운영,2016,,12,,,,,,,2026-06-30,구별 연간 점유율
STAT_f5eb496803e2,구로구,온수동_공용이용시설,부일로1길 62,철거,2015,2024,19,,,,,,,2026-06-30,구별 연간 점유율
STAT_afbd363d78f9,구로구,구로역1번출구 NC백화점,구로중앙로 174,운영,2014,,19,,,,,,,2026-06-30,구별 연간 점유율
STAT_717d49403232,구로구,구로구민회관,가마산로25길 21,운영,2014,,19,,,,,,,2026-06-30,구별 연간 점유율
STAT_4c67d6d0cf6c,구로구,궁동종합사회복지관,오리로22길 5,철거,2014,2023,,,,,,,,2026-06-30,구별 연간 점유율
STAT_8a9ec9230ef3,구로구,동양미래대학교 기숙사,중앙로 10-5,철거,,2022,,,,,,,,2026-06-30,구별 연간 점유율
STAT_bb1c499a038e,구로구,구로2동주민센터앞,구로동로 141,운영,2013,,19,,,,,,,2026-06-30,구별 연간 점유율
STAT_d5563d8ce2f2,구로구,현대오일뱅크_구로셀프주유소,조원로12길 25,철거,2019,2022,,,,,,,,2026-06-30,구별 연간 점유율
STAT_2e1abbb34621,구로구,구로구민 체육센터,고척로45길 36,운영,2013,,19,,,,,,,2026-06-30,구별 연간 점유율
STAT_d342021478da,구로구,오류1동텃골공영주차장,경인로15길 22,운영,2018,,19,,,,,,,2026-06-30,구별 연간 점유율
STAT_770a0515628d,금천구,독산2동주민센터,독산로 179,운영,2019,,12,0.27,0.22,0.22,0.2530637684763614,0.2068338195892465,0.18492443687336158,2026-06-30,구별 연간 점유율
STAT_f53a3d3b4ca0,금천구,청춘삘딩,시흥대로138길 10-11,철거,,2024,12,,,,,,,2026-06-30,구별 연간 점유율
STAT_4edeb9204c20,금천구,신한은행_디지털라운지,금천구 시흥대로 97(시흥동),철거,,2024,12,,,,,,,2026-06-30,구별 연간 점유율
STAT_951c2981ecd6,금천구,신한은행_금천점,금천구 금하로 747-1(시흥동),운영,,,12,,,,,,,2026-06-30,구별 연간 점유율
STAT_d6b3bad180a2,금천구,시흥4동 주민센터,독산로36길 14,운영,2014,,19,,,,,,,2026-06-30,구별 연간 점유율
STAT_5ae25e4d56ee,금천구,금천호암노인복지관,독산로72길 86-5,철거,2013,2025,12,,,,,,,2026-06-30,구별 연간 점유율
STAT_f2fef42db86a,금천구,시흥3동 주민센터,시흥대로18길 40,운영,2013,,19,,,,,,,2026-06-30,구별 연간 점유율
STAT_f5261bc0d7fa,금천구,독산1동주민센터,시흥대로123길 11,운영,2013,,26,,,,,,,2026-06-30,구별 연간 점유율
STAT_bcf74284cb91,금천구,금빛휘트니스센터,금하로668 금빛공원,철거,2017,2023,19,,,,,,,2026-06-30,구별 연간 점유율
STAT_936b450d3897,금천구,금천구청,시흥대로73길 70,운영,2018,,19,,,,,,,2026-06-30,구별 연간 점유율
STAT_2cb38fb629a9,영등포구,영등포청소년상담복지센터,도영로22길 36,철거,,2024,12,0.35,0.35,0.32,0.33254411207619455,0.3153637804847482,0.2919195385982313,2026-06-30,구별 연간 점유율
STAT_ac0e67648966,영등포구,영등포 제1스포츠센터,신풍로 1,운영,2013,,19,,,,,,,2026-06-30,구별 연간 점유율
STAT_cf76a9f31288,영등포구,신길6동복지관,대방천로 193,운영,,,12,,,,,,,2026-06-30,구별 연간 점유율
STAT_33df9863f186,영등포구,영등포 평생학습관,버드나루로15길 10,운영,2017,,12,,,,,,,2026-06-30,구별 연간 점유율
STAT_a60db2ab9433,영등포구,영등포본동주민센터,신길로61길 17,운영,2016,,19,,,,,,,2026-06-30,구별 연간 점유율
STAT_5382f3a621ba,영등포구,신길4동1동1마을공영주차장,신길로40길 5,운영,2016,,19,,,,,,,2026-06-30,구별 연간 점유율
STAT_320997c6f358,영등포구,신길7동 주민센터,여의대방로43길 10,운영,2015,,19,,,,,,,2026-06-30,구별 연간 점유율
STAT_e3d3a1ede407,영등포구,도림동 주민센터,도영로7길 10,운영,2014,,19,,,,,,,2026-06-30,구별 연간 점유율
STAT_a835274b8243,영등포구,다사랑어린이공원(경로당),대림로23가길 5,운영,2013,,12,,,,,,,2026-06-30,구별 연간 점유율
STAT_882f7d1a36f1,영등포구,신길1동 주민센터,영등포로84길 24-5,운영,2013,,19,,,,,,,2026-06-30,구별 연간 점유율
STAT_73ecd7c0cbc7,영등포구,대림도서관,도신로 27,운영,2013,,26,,,,,,,2026-06-30,구별 연간 점유율
STAT_e31f089e2af8,영등포구,그린케어센터,당산로29길 9,운영,2013,,19,,,,,,,2026-06-30,구별 연간 점유율
STAT_dc9c9cf7c202,동작구,스페이스살림,노량진로 10,운영,2021,,19,0.31,0.28,0.27,0.2934586554603453,0.24666210549557113,0.2331207313118594,2026-06-30,구별 연간 점유율
STAT_c5df9c17d8f5,동작구,사당종합체육관,사당로27길 232,운영,2022,,12,,,,,,,2026-06-30,구별 연간 점유율
STAT_836471fef345,동작구,신한은행 숭실대역 지점,상도로37길 76 (상도동),운영,2019,,12,,,,,,,2026-06-30,구별 연간 점유율
STAT_ba2e73e2c8ad,동작구,순만빌딩,노량진로 169,운영,2017,,19,,,,,,,2026-06-30,구별 연간 점유율
STAT_996f07c4ece7,동작구,사당문화회관,사당로8길 9,운영,2016,,19,,,,,,,2026-06-30,구별 연간 점유율
STAT_bf55db69f366,동작구,상도1동주민센터,상도로53길 9,운영,2016,,19,,,,,,,2026-06-30,구별 연간 점유율
STAT_da0f3a674fb7,동작구,예그리나주택,국사봉8길 47,철거,2015,2025,19,,,,,,,2026-06-30,구별 연간 점유율
STAT_9227ed4259f5,동작구,강남교회 교육관,만양로 76,운영,2014,,19,,,,,,,2026-06-30,구별 연간 점유율
STAT_e3a9ba06c7fd,동작구,동작청소년센터,상도로15바길 5,운영,2014,,19,,,,,,,2026-06-30,구별 연간 점유율
STAT_594cee10f6bf,동작구,kb국민은행 동작구청지점,장승배기로 161,운영,2013,,47,,,,,,,2026-06-30,구별 연간 점유율
STAT_6db9bba2b70d,동작구,사당노인종합복지관,남부순환로 2081,운영,2013,,19,,,,,,,2026-06-30,구별 연간 점유율
STAT_590aa89b66f6,동작구,상도3동 주민센터,성대로2길 11,운영,2013,,33,,,,,,,2026-06-30,구별 연간 점유율
STAT_c90e70b29716,동작구,신대방해피점,신대방1나길 26,철거,,2026,12,,,,,,,2026-06-30,구별 연간 점유율
STAT_5120b86a6b6f,동작구,현대오일뱅크_사당셀프주유소,동작대로 73,운영,2019,,12,,,,,,,2026-06-30,구별 연간 점유율
STAT_fe6f6bc2a124,관악구,미성체육관,난우16길 37,운영,2023,,12,0.36,0.34,0.29,0.29956573173527196,0.2902573372176058,0.28249276933866435,2026-06-30,구별 연간 점유율
STAT_56299bc63850,관악구,신한은행_신림역,관악구 신림동 남부순환로 1590,운영,2022,,12,,,,,,,2026-06-30,구별 연간 점유율
STAT_1d3fb4e138cc,관악구,신한은행 (구)봉천서 지점,은천로 110 (봉천동),운영,2019,,12,,,,,,,2026-06-30,구별 연간 점유율
STAT_936f209efdf3,관악구,신한은행 신림대학동 지점,호암로26길 58 대학동 (신림동),철거,2019,2024,12,,,,,,,2026-06-30,구별 연간 점유율
STAT_26ef031f14e0,관악구,서원동주민센터,신림로 282,운영,2017,,19,,,,,,,2026-06-30,구별 연간 점유율
STAT_ac86c63305db,관악구,관악청소년회관,신림로23길 17,운영,2016,,26,,,,,,,2026-06-30,구별 연간 점유율
STAT_b41f016635ef,관악구,인헌동주민센터,남부순환로246가길 20,운영,2016,,19,,,,,,,2026-06-30,구별 연간 점유율
STAT_74d2efca893f,관악구,남현동 주민센터,남현1가길 29,운영,2014,,19,,,,,,,2026-06-30,구별 연간 점유율
STAT_aa17782bb666,관악구,청룡동 주민센터,쑥고개로 44,운영,2014,,19,,,,,,,2026-06-30,구별 연간 점유율
STAT_739bf0c4ecec,관악구,조원동주민센터,조원로12길 25,운영,2013,,19,,,,,,,2026-06-30,구별 연간 점유율
STAT_b0a304140bbb,관악구,신사동자치회관,조원로 151-1,운영,2013,,26,,,,,,,2026-06-30,구별 연간 점유율
STAT_760a24d827b5,관악구,행운동주민센터,행운1길 43,운영,2013,,26,,,,,,,2026-06-30,구별 연간 점유율
STAT_b467abb13ad2,관악구,미성동자치회관,난곡로 52길 16,철거,,2023,,,,,,,,2026-06-30,구별 연간 점유율
STAT_cb297e1d13e2,관악구,관악구청,관악로 145,운영,2018,,19,,,,,,,2026-06-30,구별 연간 점유율
STAT_f1828ad4a155,관악구,국사봉 체육관,국회단지길 144 51,운영,2024,,,,,,,,,2026-06-30,구별 연간 점유율
STAT_fd7dad718d33,관악구,신림여성회관,대학길 64,운영,2018,,12,,,,,,,2026-06-30,구별 연간 점유율
STAT_ed2495e74c89,관악구,현대오일뱅크_관악셀프주유소,남부순환로 1520,철거,2019,2024,12,,,,,,,2026-06-30,구별 연간 점유율
STAT_e2c06f7250be,서초구,양재1동민원분소,남부순환로 2610,운영,2020,,12,0.34,0.32,0.34,0.3440869430404586,0.3284399554954976,0.3272196668707098,2026-06-30,구별 연간 점유율
STAT_5f1d756f00d5,서초구,양재2동주민센터,강남대로12길 44,운영,2015,,19,,,,,,,2026-06-30,구별 연간 점유율
STAT_465a64adf765,서초구,언구비 공영주차장,강남대로83길 55,운영,,,19,,,,,,,2026-06-30,구별 연간 점유율
STAT_1c2f11d66857,서초구,방배열린문화센터,방배로 173,운영,2014,,19,,,,,,,2026-06-30,구별 연간 점유율
STAT_18a2f9da394e,서초구,방배2동 주민센터,청두곶길 36,운영,2014,,19,,,,,,,2026-06-30,구별 연간 점유율
STAT_fc2875410dda,서초구,방음언덕형 공영주차장,주흥3길 34,철거,,2023,,,,,,,,2026-06-30,구별 연간 점유율
STAT_c30d9a40d4f3,서초구,양재공영주차장,양재천로 125-10,운영,,,,,,,,,,2026-06-30,구별 연간 점유율
STAT_dc1b29d184b4,서초구,서초꿈나무라이온스 보금자리,언남10길 48,운영,2013,,12,,,,,,,2026-06-30,구별 연간 점유율
STAT_85943aef4c38,강남구,역삼청소년수련관,논현로64길 7,운영,2019,,12,0.4,0.42,0.38,0.37621225733719815,0.4184072052469399,0.39551012948908,2026-06-30,구별 연간 점유율
STAT_6518099b70e6,강남구,대치2동 주민센터,영동대로65길 24,운영,2017,,19,,,,,,,2026-06-30,구별 연간 점유율
STAT_2b28404d36cc,강남구,도곡1동 주민센터,도곡로18길 57,운영,2017,,19,,,,,,,2026-06-30,구별 연간 점유율
STAT_62092e77fe91,강남구,논현1동주민센터,학동로20길 25,운영,2015,,19,,,,,,,2026-06-30,구별 연간 점유율
STAT_e06c1f8676b7,강남구,대치4동 주민센터,도곡로77길 23,운영,2014,,47,,,,,,,2026-06-30,구별 연간 점유율
STAT_3dc9d927646b,강남구,도곡2동주민센터,남부순환로378길 34-9,운영,2013,,26,,,,,,,2026-06-30,구별 연간 점유율
STAT_178da6eefa25,강남구,일원1동주민센터,양재대로55길 14,철거,2018,2023,19,,,,,,,2026-06-30,구별 연간 점유율
STAT_03addec1b766,강남구,역삼1동 주민센터,역삼로7길 16,운영,2020,,19,,,,,,,2026-06-30,구별 연간 점유율
STAT_9dcc8bc338db,강남구,현대오일뱅크_신사현대점,도산대로 163,철거,2019,2025,12,,,,,,,2026-06-30,구별 연간 점유율
STAT_fdc8088d2280,송파구,가락2동치안센터,오금로46길 55,운영,,,12,0.35,0.32,0.37,0.4243499534313424,0.3884679696200571,0.38523996891462936,2026-06-30,구별 연간 점유율
STAT_c6fcda5233f0,송파구,삼전지구대,백제고분로 238,운영,2021,,12,,,,,,,2026-06-30,구별 연간 점유율
STAT_3d8d555688c0,송파구,장지동 주민센터,새말로19길 6,철거,2017,2025,19,,,,,,,2026-06-30,구별 연간 점유율
STAT_dd23b99ed730,송파구,거여2동주민센터,거마로2길 19,운영,2016,,19,,,,,,,2026-06-30,구별 연간 점유율
STAT_a95b9e0fb955,송파구,마천2동주민센터,마천로 287,운영,2021,,19,,,,,,,2026-06-30,구별 연간 점유율
STAT_90806d728341,송파구,석촌동주민센터,백제고분로37길 16,운영,2015,,19,,,,,,,2026-06-30,구별 연간 점유율
STAT_214fb25fa781,송파구,송파노인종합복지관,백제고분로32길 41,운영,2014,,19,,,,,,,2026-06-30,구별 연간 점유율
STAT_5e9e07ce50c5,송파구,여의도 순복음송파교회,마천로 17,운영,2014,,19,,,,,,,2026-06-30,구별 연간 점유율
STAT_bee805484f91,송파구,송파여성 문화회관,백제고분로42길 5,운영,2013,,33,,,,,,,2026-06-30,구별 연간 점유율
STAT_3e86236a82a9,송파구,거여1동주민센터,오금로53길 32,운영,2013,,19,,,,,,,2026-06-30,구별 연간 점유율
STAT_f7f629d29cd0,송파구,문정1동 주민센터,동남로 116,운영,2018,,19,,,,,,,2026-06-30,구별 연간 점유율
STAT_21833b1ab987,강동구,강동구 평생학습관(명일동 공영주차장),구천면로 395,운영,,,12,0.41,0.4,0.3072874955118871,0.3619097405878039,0.31399335964428127,0.25275421773723983,2026-06-30,구별 연간 점유율
STAT_43f52127c80f,강동구,천호 청소년 문화의집,천중로 61,운영,2023,,12,,,,,,,2026-06-30,구별 연간 점유율
STAT_72c009707087,강동구,둔촌역전통시장공영주차장,성내동 417-34,운영,2021,,19,,,,,,,2026-06-30,구별 연간 점유율
STAT_7e6e3efd79db,강동구,2001아울렛천호점,구천면로 189,철거,2016,2026,19,,,,,,,2026-06-30,구별 연간 점유율
STAT_d00fab07a6f6,강동구,강일동주민센터,아리수로93길 9-14,운영,2026,,19,,,,,,,2026-06-30,구별 연간 점유율
STAT_debabdac3ce2,강동구,길동주민센터,길동 228-10,운영,2015,,12,,,,,,,2026-06-30,구별 연간 점유율
STAT_5049cc7dcee3,강동구,성내1동 주민센터,성내로 13,운영,2014,,19,,,,,,,2026-06-30,구별 연간 점유율
STAT_3bf669c51a40,강동구,암사2동 주민센터,상암로3길 28,운영,2014,,19,,,,,,,2026-06-30,구별 연간 점유율
STAT_7b79614c1bf0,강동구,강동구민회관,상암로 168,운영,2014,,19,,,,,,,2026-06-30,구별 연간 점유율
STAT_a6d8c6945079,강동구,강동구립암사도서관,고덕로20길 42,운영,2013,,19,,,,,,,2026-06-30,구별 연간 점유율
STAT_0e13e54ef4ed,강동구,강동구립해공도서관,올림픽로 702,운영,2021,,12,,,,,,,2026-06-30,구별 연간 점유율
STAT_d812ffe286cc,강동구,구립안말경로당,풍성로45길 11,운영,2023,,12,,,,,,,2026-06-30,구별 연간 점유율
