자치구,시설물명,주소,운영여부,설치연도,철거연도,칸수,2021년,2022년,2023년,2024년,2025년,2026년 6월
종로구,청운효자동 자치회관,자하문로19길 36,운영,2017,,19.0,2425,2219,2036,1969,2045,803
,종로육아종합지원센터,성균관로1길 6-3,운영,2015,,19.0,3014,2637,2143,3157,2733,1614
,숭인1동 주민센터,지봉로 86,운영,2014,,19.0,3252,2438,1858,2110,2230,819
,숭인제2동주민센터,종로65길 10,운영,2020,,12.0,176,406,505,628,529,307
,종로구민회관,지봉로5길 7-5,운영,2019,,12.0,960,777,806,959,856,552
중구,약수동공영주차장,동호로8다길 22,철거,2017,2025.0,12.0,1226,1203,1118,1248,-,-
,버티 공영주차장,동호로17길 270,운영,2017,,19.0,2442,2291,2217,1892,1647,928
,장충체육관 후문,동호로 241,운영,2016,,19.0,1455,1552,1167,1530,2076,978
,약수교회 식당입구,다산로8길 32,철거,2014,2025.0,19.0,1565,1270,1264,1416,-,-
,장충공영주차장,장충동2가 192-129,철거,2018,2024.0,12.0,545,271,227,-,-,-
,충현 공영주차장,동호로 11나길 47,철거,-,2024.0,12.0,238,151,264,-,-,-
,명동주민센터,퇴계로20나길 16,철거,2016,2024.0,19.0,2499,2494,2281,-,-,-
,다산동공영주차장,동호로15길60,철거,-,2022.0,12.0,379,-,-,-,-,-
,충무창업큐브,광희동 퇴계로 265,운영,2023,,12.0,-,-,10,112,171,-
용산구,보광동주민센터,장문로 95,운영,2020,,12.0,1583,1150,910,715,422,169
,숙대 명재관 인근,효창원로86길 33,운영,2017,,19.0,2049,1805,2033,2190,2398,1467
,용산치안센터(2가동주민센터),신흥로 90,운영,2016,,19.0,2126,2209,1128,1549,1698,630
,효창동주민센터,효창원로 161,운영,2016,,19.0,1588,1660,848,1020,1140,583
,한남동공영주차장,이태원로 224-19,운영,2016,,12.0,1300,1330,1053,1304,1578,643
,용산구청후문,녹사평대로 150,운영,2013,,19.0,3502,3615,3088,2470,2060,717
,효창종합사회복지관,효창원로146-12,철거,-,2023.0,19.0,23,12,-,-,-,-
,갈월종합사회복지관,두텁바위로 25,운영,2013,,26.0,3553,4250,2944,3555,3617,1676
,용산꿈나무종합타운,백범로 329,운영,2018,,12.0,2057,1704,1781,1192,1945,992
성동구,열린금호교육문화관,무수막길 69,운영,-,,12.0,758,1019,1031,911,1472,661
,성수2가3동 공영주차장,광나루로 4가길 23,운영,2021,,12.0,168,221,808,747,533,363
,용답공영주차장,용답 29길 22,철거,2020,2024.0,12.0,98,484,577,-,-,-
,강변공영주차장,둘레길 47-5,철거,-,2024.0,19.0,202,411,502,-,-,-
,하왕십리공영주차장,무학봉길 48,운영,-,,12.0,503,625,1450,1083,801,528
,성동구민종합체육센터,왕십리로 89,운영,2017,,19.0,2290,2328,2115,2079,1720,824
,응봉동 공영주차장,독서당로63길 40,운영,2024,,12.0,-,-,-,3,15,13
,성동구립도서관,고산자로10길 9,운영,2016,,26.0,5305,5975,6037,5485,5110,2373
,왕십리2동주민센터,무학봉15길 6,운영,2022,,12.0,-,2830,1220,1023,624,392
,사근동주민센터,사근동길 37,운영,2018,,12.0,1270,844,768,829,673,300
광진구,자양2동주민센터,자양로3가길 26,운영,2019,,12.0,1311,770,442,503,744,303
,자양문화체육센터,뚝섬로52길 66,운영,2021,,19.0,47,167,1011,696,2165,975
,군자동주민센터,면목로 13,운영,2022,,12.0,-,99,375,700,1093,645
,구의1동공영주차장,자양로18길 78,운영,-,,19.0,697,1054,2047,812,701,1208
,중곡감리교회,긴고랑로36길 56,철거,2017,2023.0,19.0,1264,1127,-,-,-,-
,구의2동주택가 공동주차장,자양로 309,운영,2017,,19.0,2285,2404,2089,1996,2370,1196
,자양종합사회복지관,자양번영로 35,운영,2016,,19.0,3352,3418,3103,2956,2301,1010
,중곡문화체육센터,능동로 433,운영,2016,,19.0,3115,2727,2421,2137,1575,984
,중곡종합건강센터,긴고랑로 110,운영,2016,,19.0,2213,2195,2400,2396,1943,815
,화양동주민센터,능동로17길 39,운영,2015,,19.0,2471,2535,2062,2058,1803,1021
,자양4동 주민센터,뚝섬로26길 58,운영,2014,,19.0,2192,3346,2569,2565,2259,737
,동부여성발전센터,아차산로30길 36,운영,2014,,26.0,4185,3119,2759,2669,1450,833
,중곡1동주민센터,긴고랑로12길 49,운영,2018,,12.0,1893,1440,1697,1223,1175,677
,현대오일뱅크_중원주유소,동일로 398,철거,2019,2023.0,,269,98.00277777777778,-,-,-,-
,광진경찰서,자양로 167,운영,2018,,12.0,1704,1720,1631,2024,1517,465
동대문구,휘경동공영주차장,망우로12길 33,운영,2019,,19.0,449,395,821,924,856,562
,이문체육문화센터,한천로58길 81-49,운영,2022,,12.0,-,125,337,637,853,319
,신한은행 외대역 지점,휘경로 23(이문동),철거,2019,2026.0,12.0,2091,1872.4833333333333,1886,2712,1149,-
,나사렛교회,전농로27길 42,철거,2017,2024.0,19.0,2293,2571,3006,-,-,-
,장안2동 공영주차장,답십리로65길 124-5,운영,2017,,19.0,2658,2650,2703,2742,2030,1108
,동대문구청 종합민원실,천호대로 145,운영,2016,,19.0,2363,1787,3092,3812,4195,1816
,동대문종합사회복지관,약령시로5길 22,철거,2016,2023.0,19.0,1109,885,-,-,-,-
,회기동공영주차장,회기로25길 31,운영,2016,,12.0,1867,2035,1328,1502,1397,973
,답십리도서관,서울시립대로4길 75,운영,2015,,19.0,3268,2405,3407,2586,3229,1884
,정보화도서관,회기로10길 60,운영,2013,,19.0,2046,1331,1995,3176,916,602
,장안종합사회복지관,한천로18길 48,운영,2013,,26.0,3899,3281,2778,2754,1889,974
,답십리2청소년독서실,답십리로56길 15,운영,2022,,12.0,-,393,252,412,970,1034
중랑구,중화1치안센터,동일로 792,철거,2021,2024.0,19.0,6,645,1056,-,-,-
,면목4동주민센터,면목로 246,운영,2016,,19.0,2618,2029,2187,2858,1709,779
,면목5동 주민센터,동일로 619,운영,2014,,19.0,2442,2894,3200,1804,1970,957
,면목본동 주민센터,면목로 397,운영,2013,,33.0,5495,6411,5778,7217,4838,2773
,상봉1동주민센터,상봉중앙로1길 6,운영,2023,,19.0,-,-,1282,2051,2218,1640
,상봉2동주민센터,동일로 114길 10,운영,-,,19.0,211,1086,1360,1211,1405,739
성북구,석관동주민센터, 화랑로 296,운영,2019,,12.0,1113,1355,1325,1787,2125,899
,성북정릉감리교회,보국문로8길 23,철거,2022,2026.0,19.0,-,337,784,117,129,-
,성북구립휘트니스센터,보문로29길 49,운영,2026.7,,19.0,-,-,-,-,-,-
,보문부모아이지원센터,지봉로24길 26,운영,2020,,12.0,332,758,580,971,935,473
,제일빌딩,북악산로31길 8,운영,2017,,19.0,1833,1426,986,794,906,417
,성북희망나눔봉사센터,삼양로 20,운영,2016,,19.0,2348,2728,2764,2728,2978,1610
,안암교회,보문로30가길 41-6,운영,2015,,19.0,2857,2113,1673,1665,1456,1070
,성북청소년수련관,한천로 660-9,철거,2018,2023.0,12.0,653,521,-,-,-,-
,아리랑 시네미디어센터,아리랑로 82,운영,2014,,19.0,2840,3102,3389,3519,3305,1211
,장위1동 주민센터,장위로 61,운영,2014,,19.0,4983,3941,3909,3356,3676,1808
강북구,미아사거리역 1번출구,도봉로 50,운영,-,,19.0,202,2096,3405,4237,4308,2140
,강북노인종합복지회관,삼양로92길 40,철거,2017,2024.0,19.0,1643,1185,668,-,-,-
,솔밭근린공원 개방화장실,삼양로 561,운영,2016,,19.0,3020,3664,4153,3109,2920,1406
,강북문화예술회관,삼각산로 85,철거,2016,2025.0,19.0,2059,1567,1213,997,-,-
,번동북부시장 북부마트,한천로123길 26,운영,2016,,19.0,2333,1299,1358,997,788,511
,수유역1번출구,도봉로 338,운영,2015,,19.0,3381,3467,3659,3407,4059,2297
,미아동 복합청사,솔매로49길 14,운영,2014,,19.0,4792,4573,4012,3770,3343,1487
,강북구청 본관 입구,도봉로89길 13,철거,2014,2025.0,19.0,3642,3871,2844,3399,-,-
,수유1동 주민센터,삼양로 299,운영,2013,,19.0,4706,5390,4364,4135,3334,1360
도봉구,염광교회,도봉로120길 16,운영,2017,,19.0,1730,3237,2468,1214,1474,606
,창3동 주민센터,덕릉로62길 89,운영,2017,,19.0,1941,1656,1521,1286,1259,703
,도봉구민회관,도봉로 552,운영,2016,,19.0,4637,4749,3983,4630,4569,2287
,창동 도봉육아종합지원센터,우이천로4길 24-5,철거,2016,2024.0,12.0,1421,1188,856,-,-,-
,도봉서원종합사회복지관,마들로 668,운영,2014,,19.0,2194,1875,2122,1970,1679,20
,방아골종합사회복지관,시루봉로17길 42,운영,2014,,19.0,1567,2165,1856,1135,1237,639
,창동역1번출구,마들로11길 77,철거,2013,2024.0,26.0,5067,6165,5328,-,-,-
,도봉구민청,마들로 656,철거,-,2022.0,,170,-,-,-,-,-
,창1동제1공영주차장,도봉로112길 43,철거,2016,2023.0,,2931,258,-,-,-,-
,도봉1동주민센터,도봉로169나길 22,운영,2013,,19.0,3011,2797,2525,2140,1992,849
,창2동 신창교회,덕릉로 247,운영,2018,,12.0,1903,1914,1696,1860,1882,1183
노원구,공릉종합사회복지관,동일로 1127 공릉아파트,운영,2019,,12.0,1030,1026,700,966,1046,455
,상계문화정보도서관,동일로 243길 57,운영,2020,,19.0,702,521,1247,1556,1346,725
,상계2동주민센터,상계로 118,운영,2016,,19.0,3098,2915,3746,4187,3481,1742
,"상계3,4동 주민센터",덕릉로 859,운영,2014,,19.0,2114,1480,1043,950,579,360
,상계역 자전거대여소,상계로 190,운영,2014,,33.0,7235,5819,6960,6655,5848,3510
,공릉 청소년문화정보센터,노원로1나길 10,운영,2013,,19.0,3114,3748,3293,3336,2799,1221
,공릉1동 주민센터(노원),동일로186길 3-24,운영,2016~2017 사이,,19.0,2984,3135,3587,3063,2831,1096
,월계문화정보도서관,월계로 319,철거,2015,2023.0,19.0,3198,2893,-,-,-,-
,월계치안센터,석계로 93,철거,2018,2024.0,19.0,1952,2005,2557,-,-,-
은평구,역촌동 주민센터,연서로 59,운영,2013,,19.0,4397,3854,3345,3831,3732,2128
,갈현1동 주민센터,갈현로 301,운영,2013,,26.0,4969,3642,2216,2582,2207,1188
,갈현청소년센터쉼쉼,통일로89길 6-20,운영,2020,,12.0,111,259,382,469,591,288
,연신내 지구대,갈현로 195,운영,2016,,19.0,2640,2192,3005,2324,2517,1123
,구산동주민센터,갈현로17길 10,운영,2015,,19.0,2382,2453,2493,2042,1950,1039
,불광보건소,연서로 34길 11,철거,2016,2024.0,,1130,1144,1201,-,-,-
,시립은평청소년센터,백련산로4길 16,철거,-,2022.0,,21,-,-,-,-,-
,아인스하임,은평터널로7가길 8,철거,-,2022.0,,185,-,-,-,-,-
,신사종합사회복지관,은평로 38,운영,2014,,26.0,3648,3983,4139,4826,4658,2185
,불광1동 치안센터,불광로 129,운영,2014,,19.0,4028,4265,3872,4271,4459,1557
,청년취업사관학교 은평캠퍼스,은평로 245,운영,2014,,19.0,3729,3426,3220,3841,4014,2037
,증산 정보도서관,증산로5길 6,철거,2013,2025.0,33.0,6849,6472,6169,6509,-,-
서대문구,청년누리, 증가로4길 8-45,운영,2019,,12.0,899,1307,1698,2345,2132,798
,남가좌2동 제2공영주차장,명지대5길 10-8,운영,-,,12.0,233,518,492,588,670,369
,신한은행_남가좌동점,서대문구 수색로2길 36(남가좌동),운영,2022,,12.0,-,373,639,831,721,388
,신한은행 명지대 지점,거북골로 45(남가좌동),운영,2019,,12.0,920,1609.425,1761,1835,1572,457
,홍제3동 주민센터,세검정로4길 32,운영,2017,,12.0,1645,1551,1441,1554,1407,806
,홍은2동 주민센터,모래내로 334,운영,2017,,19.0,2592,1569,1323,1731,1557,577
,연희동주민센터,연희로 189,운영,2016,,19.0,2522,1850,1278,1565,834,507
,홍은1동주민센터,홍은중앙로 85,운영,-,,19.0,1992,1956,1636,1584,1512,621
,신한은행_연희동점,서대문구 연희맛로 28,운영,2022,,12.0,-,588,434,691,611,248
,서부제일교회 어린이도서관,가좌로 154,철거,2014,2025.0,12.0,557,540,374,319,-,-
,봉원교회 북카페 옆,봉원사2길 13,운영,2013,,12.0,977,789,569,791,725,412
,북아현동 주민센터,북아현로 24,운영,2013,,26.0,6197,4940,4343,4873,4701,2189
,충현동주민센터,북아현로22길 38,운영,2018,,12.0,1284,1562,867,1182,1369,574
마포구,서교동교회,잔다리로6길 11,운영,2019,,12.0,1550,1334,666,713,555,323
,성산1동주민센터,성산로 4길 15,운영,2019,,12.0,1255,1052,533,509,339,89
,대흥동주민센터,신촌로26길 10,운영,2013,,19.0,2575,3133,2989,3259,2895,966
,망원2동 치안센터,월드컵로31길 18,운영,2021,,19.0,249,1519,1194,1946,1800,855
,서현교회,잔다리로7길 31,운영,2021,,19.0,592,3202,3212,3284,2864,837
,동교치안센터,신촌로2안길 27,운영,2021,,12.0,12,182,975,1446,1104,335
,서강동주민센터,독막로 165,운영,2020,,12.0,634,924,871,429,614,439
,상암동주민센터후문,매봉산로2길 16,운영,-,,19.0,229,195,172,804,780,516
,신수동주민센터,독막로 192,운영,2017,,19.0,2593,1978,1939,2009,2023,1128
,성산2동주민센터,월드컵북로30길 22,운영,2016,,19.0,2948,2108,1636,1578,2151,857
,연남동희망원룸주택,성미산로17길 79,운영,2015,,19.0,1966,1680,1433,1375,1230,274
,상암동 제1공영주차장,성암로 197,운영,2014,,19.0,2598,3078,4044,3806,3311,1394
,마포아트센터,대흥로20길 28,운영,2014,,19.0,2769,2752,3348,2591,2294,1189
,연남동 주민커뮤니티센터,동교로41길 36,운영,2013,,26.0,3604,4190,3604,3158,3036,1870
,도화동 주민센터,도화길 37,운영,2013,,26.0,4511,4331,3904,5011,4510,2694
양천구,신월1동 청소년독서실,남부순환로59길 8,철거,-,2024.0,12.0,163,399,235,-,-,-
,양천나눔누리센터,중앙로 250,운영,2017,,19.0,3951,4003,4026,5132,5032,2563
,목동실버복지문화센터,목동중앙로3길 21,운영,2016,,19.0,3447,4033,2662,2754,3043,1217
,신월3동주민센터,남부순환로54길 5,운영,2016,,19.0,1770,2721,2287,2319,2347,916
,신정4동주민센터,오목로34길 5,운영,2016,,19.0,3991,4359,4127,3640,3076,1443
,목동문화체육센터,목동중앙본로 73,운영,2015,,19.0,3775,3154,2349,2540,2330,1175
,신월문화체육센터,지양로 47,운영,2014,,19.0,2024,1322,1416,2062,1711,725
,신월5동주민센터,화곡로4길 10,운영,2014,,19.0,2792,1772,1528,1300,1104,471
,신월4동주민센터,오목로5길 34,운영,2013,,19.0,1789,1496,1704,1618,1530,676
,목3동 주민센터,목동중앙남로16나길 55,운영,2013,,19.0,2621,2486,2494,2459,2012,1276
,경창시장고객주차장,신월동 446-3,철거,-,2023.0,,1,102,-,-,-,-
,목동보건지소,목동중앙본로7가길 11,운영,2018,,12.0,814,930,1190,1348,1136,542
강서구,화곡2동주민센터,곰달래로37길 13,운영,2021,,12.0,108,429,612,446,378,181
,길꽃어린이도서관,금낭화로24길 5,운영,2019,,12.0,869,956,822,735,1191,469
,화곡8동 주민센터,곰달래로25길 45,운영,2017,,19.0,3167,2793,2500,2170,2504,1125
,가로공원공영주차장1번출구,가로공원로 189,운영,2016,,19.0,2778,2754,1730,1908,1958,789
,화곡 6-1 공영주차장,우장산로 114,운영,2015,,19.0,2761,2147,2415,2943,2143,772
,화곡 3-1 공영주차장,화곡로15길 40,운영,2014,,19.0,99,1178,2263,2026,2200,873
,화곡 1-1 공영주차장,곰달래로15길 28,운영,2014,,19.0,2000,1532,1181,1032,1259,620
,내발산동 문화센터,강서로52길 89,운영,2014,,19.0,3108,2760,3313,3601,3046,1456
,곰달래복지문화센터,강서로5길 50,운영,2013,,26.0,3205,2535,2325,2238,2012,983
,화곡4동 주민센터,곰달래로57가길 26,운영,2013,,26.0,4122,4096,3521,3425,3153,1282
,볏골공원공영주차장,까치산로4길 22,운영,2013,,26.0,3680,3608,3665,2874,2865,2939
,공항동 주민센터,송정로 45,운영,2013,,26.0,2839,2783,1992,1783,1505,721
,발산1동주민센터,강서로47길 54,운영,2018,,19.0,1939,2017,2186,2241,2423,896
,신방화역환승주차장,마곡서1로 111-12,운영,2021,,19.0,227,845,1681,2184,2380,1118
구로구,가리봉동주민센터,우마2길 35,철거,-,2024.0,12.0,151,226,246,-,-,-
,구로구 시설관리공단,구로동로26길 54,철거,2017,2025.0,19.0,2059,1430,1119,639,-,-
,서울교통공사대림별관,도림천로 352,운영,2016,,12.0,1429,1406,1625,1907,1976,1017
,온수동_공용이용시설,부일로1길 62,철거,2015,2024.0,19.0,1519,1863,924,-,-,-
,구로역1번출구 NC백화점,구로중앙로 174,운영,2014,,19.0,2894,1895,1880,2345,2766,1302
,구로구민회관,가마산로25길 21,운영,2014,,19.0,1253,1368,1317,1872,1493,641
,궁동종합사회복지관,오리로22길 5,철거,2014,2023.0,,2595,1077,-,-,-,-
,동양미래대학교 기숙사,중앙로 10-5,철거,-,2022.0,,1015,-,-,-,-,-
,구로2동주민센터앞,구로동로 141,운영,2013,,19.0,2342,1952,1980,1799,1774,1105
,현대오일뱅크_구로셀프주유소,조원로12길 25,철거,2019,2022.0,,505,-,-,-,-,-
,구로구민 체육센터,고척로45길 36,운영,2013,,19.0,3027,995,-,248,1623,1081
,오류1동텃골공영주차장,경인로15길 22,운영,2018,,19.0,2574,2627,2730,3370,2976,1571
금천구,독산2동주민센터,독산로 179,운영,2019,,12.0,1425,1058,1090,1613,1218,339
,청춘삘딩,시흥대로138길 10-11,철거,-,2024.0,12.0,52,56,254,-,-,-
,신한은행_디지털라운지,금천구 시흥대로 97(시흥동),철거,2022,2024.0,12.0,-,1,165,-,-,-
,신한은행_금천점,금천구 금하로 747-1(시흥동),운영,2022,,12.0,-,46,164,838,752,342
,시흥4동 주민센터,독산로36길 14,운영,2014,,19.0,1676,3389,3831,2829,1568,285
,금천호암노인복지관,독산로72길 86-5,철거,2013,2025.0,12.0,1163,598,509,227,-,-
,시흥3동 주민센터,시흥대로18길 40,운영,2013,,19.0,2440,1960,1821,1751,1728,703
,독산1동주민센터,시흥대로123길 11,운영,2013,,26.0,2214,2164,2747,2641,2014,1064
,금빛휘트니스센터,금하로668 금빛공원,철거,2017,2023.0,19.0,2503,2306,-,-,-,-
,금천구청,시흥대로73길 70,운영,2018,,19.0,2380,1773,2026,1568,1884,983
영등포구,영등포청소년상담복지센터,도영로22길 36,철거,-,2024.0,12.0,871,635,647,-,-,-
,영등포 제1스포츠센터,신풍로 1,운영,2013,,19.0,2427,2516,2284,1744,1200,637
,신길6동복지관,대방천로 193,운영,-,,12.0,901,1484,1602,1121,1517,1029
,영등포 평생학습관,버드나루로15길 10,운영,2017,,12.0,1769,1833,1667,1902,1859,727
,영등포본동주민센터,신길로61길 17,운영,2016,,19.0,2519,2960,2718,3781,3650,1408
,신길4동1동1마을공영주차장,신길로40길 5,운영,2016,,19.0,2854,2728,2896,2360,1762,520
,신길7동 주민센터,여의대방로43길 10,운영,2015,,19.0,2564,2444,2476,2335,2366,1278
,도림동 주민센터,도영로7길 10,운영,2014,,19.0,2728,2314,1974,1813,1329,620
,다사랑어린이공원(경로당),대림로23가길 5,운영,2013,,12.0,951,990,382,541,356,173
,신길1동 주민센터,영등포로84길 24-5,운영,2013,,19.0,2548,2677,3257,2830,2812,1146
,대림도서관,도신로 27,운영,2013,,26.0,3173,3068,2112,1859,2030,764
,그린케어센터,당산로29길 9,운영,2013,,19.0,3401,3405,2760,3591,3460,1826
동작구,스페이스살림,노량진로 10,운영,2021,,19.0,32,718,1298,2684,2379,869
,사당종합체육관,사당로27길 232,운영,2022,,12.0,-,204,237,645,308,148
,신한은행 숭실대역 지점,상도로37길 76 (상도동),운영,2019,,12.0,1399,1086.1083333333333,1100,551,562,236
,순만빌딩,노량진로 169,운영,2017,,19.0,2605,3120,2435,2627,2585,865
,사당문화회관,사당로8길 9,운영,2016,,19.0,3185,2800,1920,2592,2266,1219
,상도1동주민센터,상도로53길 9,운영,2016,,19.0,2479,2992,2561,3156,2860,1180
,예그리나주택,국사봉8길 47,철거,2015,2025.0,19.0,1262,1154,786,639,-,-
,강남교회 교육관,만양로 76,운영,2014,,19.0,2091,1673,1734,1996,1183,561
,동작청소년센터,상도로15바길 5,운영,2014,,19.0,1434,1175,1312,1426,756,341
,kb국민은행 동작구청지점,장승배기로 161,운영,2013,,47.0,9614,7866,6990,7121,4000,926
,사당노인종합복지관,남부순환로 2081,운영,2013,,19.0,3103,1878,1891,2316,2018,1191
,상도3동 주민센터,성대로2길 11,운영,2013,,33.0,6790,5195,4623,4308,4401,2720
,신대방해피점,신대방1나길 26,철거,-,2026.0,12.0,693,712,911,740,670,-
,현대오일뱅크_사당셀프주유소,동작대로 73,운영,2019,,12.0,1080,1173.3194444444443,1954,1722,1833,1018
관악구,미성체육관,난우16길 37,운영,2023,,12.0,-,-,851,535,542,231
,신한은행_신림역,관악구 신림동 남부순환로 1590,운영,2022,,12.0,-,26,565,1554,1397,685
,신한은행 (구)봉천서 지점,은천로 110 (봉천동),운영,2019,,12.0,784,1149.2916666666665,1368,1405,1800,709
,신한은행 신림대학동 지점,호암로26길 58 대학동 (신림동),철거,2019,2024.0,12.0,298,377.12222222222226,388,-,-,-
,서원동주민센터,신림로 282,운영,2017,,19.0,3720,3060,2787,3473,2514,1011
,관악청소년회관,신림로23길 17,운영,2016,,26.0,4379,3284,3246,3484,3261,1472
,인헌동주민센터,남부순환로246가길 20,운영,2016,,19.0,2894,2926,3732,3219,2973,2317
,남현동 주민센터,남현1가길 29,운영,2014,,19.0,1749,1941,2014,2006,1867,661
,청룡동 주민센터,쑥고개로 44,운영,2014,,19.0,1582,1800,1648,1824,1762,592
,조원동주민센터,조원로12길 25,운영,2013,,19.0,2559,2103,2009,1994,1506,633
,신사동자치회관,조원로 151-1,운영,2013,,26.0,3787,3034,2774,1941,1532,734
,행운동주민센터,행운1길 43,운영,2013,,26.0,5317,5449,4639,5061,3655,1985
,미성동자치회관,난곡로 52길 16,철거,-,2023.0,,1770,2112,-,-,-,-
,관악구청,관악로 145,운영,2018,,19.0,2805,2286,3321,3316,3236,1913
,국사봉 체육관,국회단지길 144 51,운영,2024,,,-,-,-,24,92,56
,신림여성회관,대학길 64,운영,2018,,12.0,1209,783,664,962,1261,486
,현대오일뱅크_관악셀프주유소,남부순환로 1520,철거,2019,2024.0,12.0,727,716.0694444444445,436,-,-,-
서초구,양재1동민원분소,남부순환로 2610,운영,2020,,12.0,272,1072,1344,1541,1545,720
,양재2동주민센터,강남대로12길 44,운영,2015,,19.0,3543,3529,3183,3169,2743,1163
,언구비 공영주차장,강남대로83길 55,운영,-,,19.0,2627,2876,2911,3277,3017,1500
,방배열린문화센터,방배로 173,운영,2014,,19.0,4200,3645,3543,4113,4224,2204
,방배2동 주민센터,청두곶길 36,운영,2014,,19.0,2362,1662,1696,1551,1636,656
,방음언덕형 공영주차장,주흥3길 34,철거,-,2023.0,,612,354,-,-,-,-
,양재공영주차장,양재천로 125-10,운영,2023,,,-,-,80,245,228,295
,서초꿈나무라이온스 보금자리,언남10길 48,운영,2013,,12.0,1491,1508,1427,1147,919,482
강남구,역삼청소년수련관,논현로64길 7,운영,2019,,12.0,845,937,942,991,1233,458
,대치2동 주민센터,영동대로65길 24,운영,2017,,19.0,3268,3252,2593,3812,3368,1736
,도곡1동 주민센터,도곡로18길 57,운영,2017,,19.0,3690,3896,3516,1837,1370,448
,논현1동주민센터,학동로20길 25,운영,2015,,19.0,2773,2917,2550,2491,3186,1412
,대치4동 주민센터,도곡로77길 23,운영,2014,,47.0,11106,11479,10670,8567,11052,5481
,도곡2동주민센터,남부순환로378길 34-9,운영,2013,,26.0,4931,5077,5163,4867,4713,1874
,일원1동주민센터,양재대로55길 14,철거,2018,2023.0,19.0,1910,1848,-,-,-,-
,역삼1동 주민센터,역삼로7길 16,운영,2020,,19.0,598,1172,1516,3016,2480,1633
,현대오일뱅크_신사현대점,도산대로 163,철거,2019,2025.0,12.0,-,-,-,754,-,-
송파구,가락2동치안센터,오금로46길 55,운영,-,,12.0,335,635,750,1008,810,646
,삼전지구대,백제고분로 238,운영,2021,,12.0,52,408,1664,1774,886,130
,장지동 주민센터,새말로19길 6,철거,2017,2025.0,19.0,2330,1895,1711,1751,-,-
,거여2동주민센터,거마로2길 19,운영,2016,,19.0,2631,2310,2112,2781,3420,1570
,마천2동주민센터,마천로 287,운영,2021,,19.0,1719,1745,2480,4445,3180,1301
,석촌동주민센터,백제고분로37길 16,운영,2015,,19.0,2639,2891,3411,4497,4161,2283
,송파노인종합복지관,백제고분로32길 41,운영,2014,,19.0,3416,2323,2150,2217,3140,1271
,여의도 순복음송파교회,마천로 17,운영,2014,,19.0,3367,3027,3683,3115,3272,1175
,송파여성 문화회관,백제고분로42길 5,운영,2013,,33.0,7549,7524,7131,7584,7040,3120
,거여1동주민센터,오금로53길 32,운영,2013,,19.0,1080,1010,1383,1418,1192,725
,문정1동 주민센터,동남로 116,운영,2018,,19.0,2937,3203,3017,3483,2891,1923
강동구,강동구 평생학습관(명일동 공영주차장),구천면로 395,운영,-,,12.0,4445,2503,1244,2859,2547,1143
,천호 청소년 문화의집,천중로 61,운영,2023,,12.0,-,-,132,321,349,216
,둔촌역전통시장공영주차장,성내동 417-34,운영,2021,,19.0,11,392,902,1051,1155,435
,2001아울렛천호점,구천면로 189,철거,2016,2026.0,19.0,2372,2273,2547,1288,-,-
,강일동주민센터,아리수로93길 9-14,운영,2026,,19.0,-,-,-,-,-,4
,길동주민센터,길동 228-10,운영,2015,,12.0,895,2018,1547,2038,2002,626
,성내1동 주민센터,성내로 13,운영,2014,,19.0,3638,3823,3153,3510,3687,1821
,암사2동 주민센터,상암로3길 28,운영,2014,,19.0,3583,3226,2637,4046,2815,1031
,강동구민회관,상암로 168,운영,2014,,19.0,4293,4495,4663,4184,3668,1809
,강동구립암사도서관,고덕로20길 42,운영,2013,,19.0,3563,3296,2324,2305,1493,116
,강동구립해공도서관,올림픽로 702,운영,2021,,12.0,387,1142,1183,1227,1385,793
,구립안말경로당,풍성로45길 11,운영,2023,,12.0,-,-,31,107,31,61
